usuario_id;idade;renda_mensal;curso;periodo_curso;ano_curso;tem_veiculo;prefere_republica;data_cadastro;origem_cidade;recebe_auxilio_familia
1;20;1999,63;Outros;Noturno;3;False;False;2024-04-09;Interior Estado;True
2;27;1191,83;Direito;Matutino;5;True;False;2024-03-17;Mesma Cidade;True
3;20;2455,23;Engenharia;Integral;2;False;False;2024-07-15;Outro Estado;True
4;27;810,08;Ciência da Computação;Vespertino;4;False;False;2024-03-08;Interior Estado;True
5;28;800,0;Medicina;Noturno;3;False;False;2024-09-04;Outro Estado;True
6;17;3071,85;Administração;Noturno;2;False;True;2024-04-02;Mesma Cidade;True
7;25;1153,22;Ciência da Computação;Integral;4;True;False;2024-11-20;Mesma Cidade;True
8;20;2328,29;Outros;Matutino;2;True;True;2024-05-24;Interior Estado;False
9;20;834,02;Engenharia;Noturno;4;False;False;2024-12-29;Outro Estado;False
10;22;1485,77;Outros;Noturno;5;True;False;2024-08-08;Outro Estado;True
11;25;1751,77;Outros;Integral;4;True;True;2024-12-20;Interior Estado;False
12;29;1472,71;Engenharia;Integral;4;True;False;2024-09-02;Mesma Cidade;True
13;24;876,05;Administração;Vespertino;2;False;True;2024-04-21;Mesma Cidade;True
14;24;988,73;Engenharia;Noturno;2;False;True;2024-07-10;Outro Estado;True
15;22;800,0;Psicologia;Noturno;2;False;True;2024-07-28;Outro Estado;True
16;17;800,0;Arquitetura;Matutino;3;True;True;2024-06-05;Interior Estado;False
17;25;2661,07;Psicologia;Vespertino;3;False;True;2024-10-18;Interior Estado;True
18;24;2196,11;Arquitetura;Matutino;4;False;True;2024-08-29;Outro Estado;True
19;19;2855,12;Psicologia;Noturno;1;True;True;2024-03-12;Interior Estado;False
20;25;800,0;Psicologia;Vespertino;1;False;True;2024-03-06;Mesma Cidade;True
21;17;973,37;Medicina;Matutino;3;False;False;2024-07-01;Interior Estado;False
22;18;800,0;Medicina;Vespertino;1;True;False;2024-11-03;Outro Estado;True
23;24;1133,68;Outros;Integral;3;False;True;2024-12-29;Outro Estado;False
24;28;963,71;Psicologia;Vespertino;3;True;True;2024-09-24;Mesma Cidade;False
25;23;922,01;Medicina;Matutino;3;True;True;2024-11-13;Mesma Cidade;True
26;19;1180,95;Arquitetura;Matutino;5;False;True;2024-01-22;Mesma Cidade;True
27;18;2606,42;Arquitetura;Vespertino;5;False;True;2024-12-10;Outro Estado;True
28;24;1068,52;Engenharia;Noturno;2;False;True;2024-02-06;Outro Estado;True
29;20;1329,62;Ciência da Computação;Noturno;4;True;True;2024-03-14;Interior Estado;True
30;23;2994,45;Engenharia;Noturno;5;False;False;2024-01-28;Mesma Cidade;True
31;24;1718,83;Administração;Integral;2;True;False;2024-04-18;Interior Estado;True
32;22;1016,05;Ciência da Computação;Noturno;2;False;True;2024-02-08;Mesma Cidade;True
33;24;800,0;Outros;Vespertino;1;False;True;2024-12-21;Mesma Cidade;True
34;28;1662,43;Direito;Integral;4;False;False;2024-05-24;Interior Estado;True
35;22;3359,74;Direito;Matutino;4;False;True;2024-09-25;Interior Estado;True
36;17;1099,12;Outros;Matutino;3;True;True;2024-05-21;Mesma Cidade;True
37;22;1439,83;Administração;Matutino;2;True;False;2024-10-11;Mesma Cidade;True
38;21;4000,0;Direito;Vespertino;2;False;True;2024-11-19;Mesma Cidade;True
39;26;2479,81;Outros;Noturno;4;False;True;2024-01-25;Outro Estado;False
40;23;1103,43;Psicologia;Integral;2;False;True;2024-01-03;Interior Estado;True
41;21;1495,89;Outros;Integral;3;False;False;2024-10-10;Mesma Cidade;False
42;21;1948,57;Engenharia;Vespertino;1;True;True;2024-01-04;Mesma Cidade;True
43;19;800,0;Ciência da Computação;Noturno;2;False;True;2024-04-17;Mesma Cidade;True
44;19;1200,04;Engenharia;Vespertino;1;False;True;2024-06-07;Mesma Cidade;True
45;18;2917,19;Ciência da Computação;Matutino;2;False;False;2024-01-31;Outro Estado;False
46;21;1280,32;Direito;Vespertino;1;False;True;2024-07-29;Interior Estado;True
47;23;1720,67;Outros;Matutino;3;True;True;2024-01-15;Interior Estado;True
48;26;800,0;Ciência da Computação;Matutino;1;False;False;2024-04-20;Mesma Cidade;True
49;20;1107,73;Ciência da Computação;Integral;3;True;False;2024-01-04;Mesma Cidade;True
50;19;800,0;Ciência da Computação;Noturno;3;True;True;2024-08-06;Mesma Cidade;False
51;18;2363,37;Outros;Vespertino;4;False;True;2024-01-15;Mesma Cidade;False
52;21;800,0;Ciência da Computação;Vespertino;4;True;True;2024-09-16;Interior Estado;False
53;24;1487,58;Arquitetura;Noturno;4;False;True;2024-11-06;Interior Estado;True
54;24;2375,71;Engenharia;Integral;5;False;True;2024-11-26;Outro Estado;True
55;24;1544,03;Engenharia;Matutino;1;False;True;2024-02-28;Mesma Cidade;True
56;24;1341,52;Administração;Integral;3;True;True;2024-10-07;Outro Estado;True
57;29;2066,67;Administração;Vespertino;3;False;True;2024-11-06;Interior Estado;True
58;23;1008,01;Direito;Vespertino;1;False;False;2024-05-14;Outro Estado;True
59;25;1220,49;Psicologia;Vespertino;2;True;True;2024-03-27;Mesma Cidade;True
60;24;800,0;Administração;Noturno;4;False;True;2024-07-12;Outro Estado;True
61;21;4000,0;Outros;Matutino;1;False;False;2024-11-14;Interior Estado;True
62;21;1472,42;Ciência da Computação;Matutino;3;True;True;2024-01-14;Interior Estado;True
63;25;880,49;Outros;Noturno;1;True;False;2024-11-16;Interior Estado;True
64;24;864,43;Arquitetura;Noturno;4;False;True;2024-03-14;Mesma Cidade;False
65;23;1141,27;Psicologia;Matutino;1;False;False;2024-07-17;Interior Estado;True
66;28;1171,42;Administração;Noturno;5;False;True;2024-02-17;Outro Estado;True
67;20;2315,71;Ciência da Computação;Vespertino;4;True;True;2024-05-03;Interior Estado;False
68;22;3198,75;Psicologia;Matutino;4;False;True;2024-01-20;Mesma Cidade;True
69;24;1794,18;Administração;Matutino;5;True;False;2024-08-15;Interior Estado;True
70;24;800,0;Ciência da Computação;Matutino;5;False;False;2024-04-01;Mesma Cidade;True
71;24;800,0;Administração;Matutino;5;False;True;2024-05-07;Mesma Cidade;True
72;25;800,0;Ciência da Computação;Noturno;5;False;True;2024-08-02;Outro Estado;True
73;25;2506,3;Ciência da Computação;Integral;3;False;True;2024-01-01;Outro Estado;False
74;21;1107,29;Outros;Matutino;5;False;False;2024-06-09;Mesma Cidade;True
75;21;2044,76;Engenharia;Vespertino;5;False;False;2024-06-21;Outro Estado;True
76;25;3450,41;Psicologia;Matutino;2;False;True;2024-03-04;Interior Estado;True
77;23;936,66;Psicologia;Integral;1;False;False;2024-08-14;Interior Estado;True
78;20;1762,82;Engenharia;Matutino;5;True;True;2024-10-09;Mesma Cidade;True
79;22;973,32;Arquitetura;Vespertino;2;False;True;2024-08-09;Interior Estado;False
80;20;3814,22;Psicologia;Noturno;1;False;True;2024-09-05;Mesma Cidade;True
81;25;3469,77;Outros;Vespertino;4;False;False;2024-04-23;Mesma Cidade;True
82;21;1519,14;Engenharia;Matutino;1;False;False;2024-03-08;Outro Estado;True
83;21;2433,08;Outros;Integral;1;False;False;2024-07-01;Interior Estado;True
84;23;1510,85;Outros;Noturno;2;False;False;2024-04-03;Mesma Cidade;True
85;18;896,77;Engenharia;Matutino;1;False;False;2024-04-06;Mesma Cidade;False
86;20;800,0;Ciência da Computação;Noturno;1;False;True;2024-05-24;Mesma Cidade;True
87;18;1936,17;Outros;Noturno;3;True;True;2024-10-21;Outro Estado;True
88;18;1765,72;Direito;Integral;2;True;True;2024-03-09;Mesma Cidade;True
89;23;968,11;Arquitetura;Noturno;2;True;False;2024-03-19;Mesma Cidade;True
90;22;800,0;Psicologia;Noturno;3;True;False;2024-02-13;Mesma Cidade;False
91;18;1930,3;Outros;Matutino;1;False;False;2024-06-19;Mesma Cidade;True
92;27;1598,91;Ciência da Computação;Vespertino;1;False;False;2024-05-23;Mesma Cidade;True
93;26;834,97;Ciência da Computação;Noturno;1;True;True;2024-07-19;Mesma Cidade;True
94;20;1601,8;Medicina;Integral;4;True;False;2024-10-12;Mesma Cidade;True
95;18;800,0;Ciência da Computação;Matutino;2;False;False;2024-10-26;Interior Estado;True
96;20;1532,56;Direito;Matutino;5;False;False;2024-01-13;Interior Estado;True
97;21;800,0;Medicina;Noturno;1;True;True;2024-01-24;Interior Estado;False
98;17;2517,78;Psicologia;Vespertino;1;False;False;2024-04-25;Mesma Cidade;True
99;23;1182,03;Arquitetura;Matutino;5;True;True;2024-11-01;Mesma Cidade;True
100;23;845,71;Medicina;Vespertino;4;False;True;2024-01-02;Mesma Cidade;True
101;20;994,2;Engenharia;Matutino;5;False;True;2024-01-24;Interior Estado;True
102;23;1496,86;Outros;Noturno;4;False;False;2024-03-08;Interior Estado;False
103;21;1278,41;Psicologia;Matutino;5;False;False;2024-10-10;Outro Estado;True
104;25;1429,44;Outros;Matutino;2;True;True;2024-05-30;Interior Estado;False
105;21;2542,2;Administração;Noturno;2;False;True;2024-03-13;Mesma Cidade;True
106;26;1045,32;Medicina;Vespertino;1;False;False;2024-02-02;Mesma Cidade;True
107;26;800,0;Medicina;Integral;2;True;True;2024-01-30;Interior Estado;True
108;19;3017,73;Engenharia;Noturno;1;False;False;2024-06-21;Interior Estado;True
109;17;3760,73;Engenharia;Noturno;5;False;True;2024-02-15;Mesma Cidade;True
110;22;800,0;Psicologia;Integral;5;False;True;2024-06-19;Interior Estado;True
111;24;800,0;Psicologia;Noturno;3;False;False;2024-04-30;Outro Estado;True
112;25;1121,53;Arquitetura;Vespertino;1;False;True;2024-02-08;Mesma Cidade;True
113;28;3729,58;Outros;Integral;2;True;False;2024-04-01;Mesma Cidade;True
114;21;4000,0;Engenharia;Noturno;2;False;True;2024-01-05;Interior Estado;True
115;20;1178,91;Direito;Noturno;4;False;False;2024-11-04;Mesma Cidade;True
116;21;800,0;Administração;Noturno;1;False;False;2024-01-08;Outro Estado;True
117;24;800,0;Engenharia;Vespertino;4;False;False;2024-02-17;Mesma Cidade;True
118;23;925,28;Direito;Noturno;1;True;True;2024-05-29;Mesma Cidade;True
119;20;4000,0;Outros;Noturno;5;True;True;2024-05-03;Interior Estado;True
120;20;4000,0;Engenharia;Noturno;2;False;True;2024-06-19;Interior Estado;True
121;26;3417,57;Outros;Integral;4;True;False;2024-10-29;Interior Estado;True
122;17;978,08;Outros;Vespertino;5;False;True;2024-11-05;Outro Estado;False
123;22;800,0;Medicina;Matutino;5;True;True;2024-10-07;Mesma Cidade;True
124;19;4000,0;Administração;Vespertino;1;True;False;2024-03-31;Mesma Cidade;True
125;19;1200,88;Ciência da Computação;Vespertino;1;True;True;2024-07-03;Mesma Cidade;True
126;21;1035,18;Outros;Vespertino;3;False;False;2024-07-30;Mesma Cidade;True
127;17;1859,18;Engenharia;Integral;2;True;False;2024-04-16;Mesma Cidade;True
128;22;836,67;Outros;Noturno;2;False;True;2024-08-05;Interior Estado;False
129;21;800,0;Administração;Noturno;4;False;False;2024-11-30;Mesma Cidade;True
130;20;800,0;Direito;Integral;4;False;True;2024-06-12;Outro Estado;True
131;22;1894,85;Ciência da Computação;Noturno;3;True;False;2024-11-16;Outro Estado;True
132;18;1100,85;Engenharia;Matutino;1;False;True;2024-06-28;Mesma Cidade;True
133;24;2276,34;Outros;Noturno;3;False;True;2024-01-10;Outro Estado;False
134;19;1422,18;Administração;Vespertino;1;False;True;2024-12-31;Interior Estado;True
135;18;862,12;Psicologia;Vespertino;3;False;True;2024-11-16;Interior Estado;True
136;21;800,0;Engenharia;Matutino;1;False;True;2024-04-27;Outro Estado;True
137;18;1092,55;Engenharia;Noturno;1;False;True;2024-10-17;Mesma Cidade;True
138;21;1348,48;Ciência da Computação;Matutino;4;True;True;2024-05-08;Interior Estado;False
139;20;800,0;Engenharia;Vespertino;2;True;True;2024-04-26;Mesma Cidade;True
140;20;800,0;Outros;Noturno;3;False;True;2024-01-12;Interior Estado;True
141;20;800,0;Direito;Matutino;2;False;False;2024-05-30;Interior Estado;True
142;20;895,28;Ciência da Computação;Noturno;2;False;False;2024-01-18;Interior Estado;True
143;23;4000,0;Arquitetura;Integral;3;False;False;2024-02-09;Interior Estado;False
144;28;2499,68;Arquitetura;Noturno;3;True;False;2024-08-13;Mesma Cidade;True
145;18;2447,6;Ciência da Computação;Vespertino;2;False;True;2024-06-02;Mesma Cidade;True
146;23;1123,24;Ciência da Computação;Integral;2;False;True;2024-03-25;Mesma Cidade;True
147;20;800,0;Administração;Vespertino;3;True;False;2024-02-03;Interior Estado;True
148;20;2255,93;Engenharia;Integral;3;True;False;2024-02-05;Mesma Cidade;True
149;18;1304,84;Direito;Vespertino;3;False;True;2024-07-01;Outro Estado;True
150;21;1652,3;Direito;Vespertino;2;True;True;2024-05-26;Outro Estado;True
151;20;1582,97;Arquitetura;Integral;3;False;True;2024-10-14;Outro Estado;True
152;24;1818,66;Direito;Matutino;1;False;False;2024-07-07;Interior Estado;False
153;20;3143,82;Engenharia;Matutino;5;True;False;2024-09-24;Interior Estado;False
154;25;931,08;Direito;Noturno;3;True;True;2024-04-16;Interior Estado;True
155;21;1019,96;Outros;Noturno;1;False;True;2024-06-18;Interior Estado;True
156;28;800,0;Administração;Noturno;1;True;False;2024-10-02;Mesma Cidade;True
157;25;1222,91;Psicologia;Noturno;1;False;False;2024-01-31;Interior Estado;False
158;27;1781,69;Arquitetura;Matutino;2;False;False;2024-03-25;Interior Estado;True
159;18;884,15;Arquitetura;Noturno;2;False;True;2024-10-23;Interior Estado;True
160;28;1088,45;Medicina;Noturno;1;False;False;2024-12-09;Mesma Cidade;True
161;23;2100,3;Direito;Noturno;3;False;True;2024-03-02;Outro Estado;True
162;23;1615,88;Medicina;Noturno;2;False;True;2024-08-30;Interior Estado;True
163;23;2505,51;Arquitetura;Vespertino;1;False;True;2024-07-04;Outro Estado;True
164;27;1500,04;Engenharia;Noturno;1;False;True;2024-04-18;Mesma Cidade;True
165;20;800,0;Arquitetura;Matutino;1;True;False;2024-09-01;Interior Estado;True
166;22;800,0;Ciência da Computação;Integral;1;False;True;2024-12-26;Mesma Cidade;True
167;25;2755,67;Medicina;Integral;5;True;False;2024-09-30;Interior Estado;True
168;20;3200,11;Outros;Noturno;1;False;False;2024-06-03;Interior Estado;True
169;24;1585,94;Direito;Noturno;5;True;True;2024-10-27;Interior Estado;True
170;20;800,0;Engenharia;Vespertino;3;True;False;2024-11-06;Mesma Cidade;True
171;20;2961,92;Psicologia;Integral;1;True;True;2024-11-10;Mesma Cidade;True
172;19;1527,67;Psicologia;Noturno;1;True;False;2024-09-18;Mesma Cidade;False
173;28;1595,53;Ciência da Computação;Vespertino;2;False;True;2024-02-28;Outro Estado;True
174;28;2131,36;Administração;Noturno;4;False;False;2024-01-31;Outro Estado;True
175;20;800,0;Outros;Vespertino;3;False;False;2024-12-16;Interior Estado;True
176;24;880,7;Outros;Matutino;5;False;True;2024-06-20;Interior Estado;False
177;20;1317,46;Engenharia;Vespertino;2;False;False;2024-06-26;Interior Estado;True
178;23;2053,31;Administração;Noturno;2;False;True;2024-03-05;Mesma Cidade;True
179;21;1270,69;Psicologia;Matutino;5;False;False;2024-04-30;Interior Estado;True
180;24;1294,38;Outros;Noturno;5;True;True;2024-05-08;Interior Estado;True
181;27;800,0;Outros;Noturno;4;False;False;2024-03-02;Mesma Cidade;False
182;20;2638,83;Engenharia;Integral;4;False;True;2024-10-30;Outro Estado;True
183;18;1265,41;Medicina;Vespertino;1;True;False;2024-12-17;Interior Estado;True
184;28;1466,71;Arquitetura;Noturno;1;False;True;2024-08-18;Interior Estado;True
185;29;800,0;Direito;Matutino;4;True;True;2024-03-03;Outro Estado;True
186;23;800,0;Administração;Integral;4;False;True;2024-12-02;Mesma Cidade;True
187;21;812,06;Ciência da Computação;Noturno;5;True;False;2024-10-28;Interior Estado;False
188;25;1708,75;Administração;Matutino;1;True;True;2024-03-11;Interior Estado;True
189;22;1432,87;Administração;Matutino;2;False;False;2024-09-25;Interior Estado;True
190;27;1351,8;Psicologia;Integral;1;True;False;2024-01-21;Interior Estado;False
191;20;800,0;Medicina;Noturno;4;False;True;2024-05-10;Interior Estado;False
192;25;1634,15;Medicina;Noturno;4;False;True;2024-08-29;Interior Estado;True
193;24;2664,89;Engenharia;Vespertino;4;False;False;2024-02-06;Mesma Cidade;True
194;20;3922,17;Psicologia;Vespertino;1;True;True;2024-01-29;Outro Estado;True
195;19;2227,28;Medicina;Noturno;1;True;True;2024-10-07;Outro Estado;False
196;23;2472,16;Ciência da Computação;Matutino;5;False;False;2024-07-17;Mesma Cidade;True
197;19;955,2;Psicologia;Noturno;2;False;True;2024-02-25;Mesma Cidade;False
198;22;800,0;Engenharia;Noturno;5;False;True;2024-12-20;Outro Estado;True
199;21;905,23;Outros;Integral;1;False;True;2024-07-28;Interior Estado;True
200;24;1990,81;Outros;Noturno;2;False;False;2024-05-07;Mesma Cidade;True
201;17;2571,99;Direito;Noturno;2;False;False;2024-09-07;Mesma Cidade;True
202;24;800,0;Outros;Matutino;4;False;True;2024-09-22;Interior Estado;False
203;21;2559,57;Outros;Noturno;3;False;True;2024-07-16;Interior Estado;True
204;17;3091,51;Direito;Noturno;4;False;True;2024-10-28;Interior Estado;True
205;25;1320,6;Administração;Integral;4;True;True;2024-06-22;Mesma Cidade;True
206;21;2456,44;Outros;Matutino;1;True;True;2024-11-25;Mesma Cidade;False
207;24;986,5;Engenharia;Noturno;3;False;True;2024-02-10;Mesma Cidade;True
208;24;2504,28;Arquitetura;Vespertino;3;False;False;2024-08-18;Outro Estado;True
209;25;932,02;Outros;Noturno;4;False;True;2024-06-27;Interior Estado;False
210;20;2217,95;Outros;Integral;3;True;True;2024-02-15;Mesma Cidade;True
211;23;2223,67;Arquitetura;Noturno;3;True;True;2024-07-13;Mesma Cidade;False
212;20;800,0;Outros;Vespertino;4;False;False;2024-05-17;Outro Estado;True
213;20;1181,73;Administração;Vespertino;4;False;False;2024-06-04;Interior Estado;False
214;28;800,0;Engenharia;Integral;5;True;True;2024-07-13;Mesma Cidade;True
215;20;887,99;Administração;Integral;1;True;True;2024-12-18;Interior Estado;False
216;27;1758,42;Ciência da Computação;Noturno;4;False;True;2024-07-27;Outro Estado;True
217;22;1209,08;Direito;Vespertino;2;True;True;2024-01-13;Outro Estado;True
218;20;800,0;Direito;Matutino;3;False;False;2024-12-05;Mesma Cidade;True
219;17;800,0;Engenharia;Matutino;1;False;True;2024-12-11;Outro Estado;True
220;25;1162,0;Direito;Integral;4;False;True;2024-02-23;Mesma Cidade;False
221;24;984,54;Ciência da Computação;Noturno;1;True;False;2024-05-01;Interior Estado;True
222;19;1095,56;Engenharia;Integral;3;True;False;2024-07-28;Interior Estado;True
223;20;1015,73;Psicologia;Integral;4;False;True;2024-11-09;Mesma Cidade;False
224;25;1584,13;Outros;Noturno;4;False;False;2024-03-09;Interior Estado;True
225;29;1011,58;Arquitetura;Integral;2;False;False;2024-11-05;Interior Estado;True
226;20;945,3;Engenharia;Integral;3;False;True;2024-04-28;Outro Estado;True
227;23;916,05;Direito;Matutino;4;False;False;2024-10-01;Interior Estado;True
228;24;1439,42;Outros;Integral;2;False;True;2024-09-06;Outro Estado;False
229;18;1741,11;Outros;Matutino;3;False;False;2024-03-12;Interior Estado;True
230;19;800,0;Ciência da Computação;Vespertino;5;False;False;2024-04-17;Interior Estado;True
231;20;1307,2;Administração;Matutino;5;False;True;2024-04-13;Outro Estado;True
232;19;1723,32;Outros;Integral;1;True;True;2024-01-13;Mesma Cidade;True
233;23;956,62;Direito;Integral;3;False;True;2024-08-08;Interior Estado;False
234;20;1396,43;Outros;Vespertino;3;False;True;2024-09-14;Mesma Cidade;True
235;21;4000,0;Arquitetura;Vespertino;4;False;True;2024-10-14;Interior Estado;True
236;21;800,0;Administração;Matutino;3;False;True;2024-12-13;Interior Estado;True
237;20;800,0;Engenharia;Integral;5;False;True;2024-02-05;Interior Estado;True
238;19;800,0;Administração;Matutino;1;False;True;2024-01-17;Interior Estado;True
239;22;1200,95;Ciência da Computação;Vespertino;2;False;True;2024-04-26;Interior Estado;False
240;19;2051,78;Outros;Integral;3;True;True;2024-01-14;Mesma Cidade;True
241;20;1335,48;Engenharia;Matutino;3;False;False;2024-12-28;Interior Estado;False
242;18;1247,71;Outros;Noturno;1;True;False;2024-09-07;Interior Estado;True
243;26;800,0;Engenharia;Matutino;2;False;True;2024-05-17;Mesma Cidade;False
244;18;1643,09;Engenharia;Noturno;1;False;True;2024-04-24;Mesma Cidade;True
245;19;1252,6;Ciência da Computação;Matutino;5;True;True;2024-12-08;Mesma Cidade;True
246;21;2069,43;Psicologia;Noturno;5;False;False;2024-06-26;Mesma Cidade;False
247;20;839,95;Direito;Matutino;3;False;False;2024-09-26;Outro Estado;False
248;24;800,0;Outros;Noturno;1;True;True;2024-08-23;Interior Estado;True
249;22;1559,89;Arquitetura;Noturno;1;False;False;2024-09-10;Mesma Cidade;True
250;24;800,0;Administração;Noturno;2;True;True;2024-08-21;Interior Estado;True
251;23;800,0;Outros;Noturno;4;False;True;2024-09-18;Interior Estado;True
252;23;1187,35;Administração;Noturno;5;False;True;2024-12-18;Outro Estado;True
253;17;1822,66;Administração;Vespertino;4;True;False;2024-08-09;Mesma Cidade;True
254;26;1660,99;Ciência da Computação;Integral;2;True;True;2024-12-22;Interior Estado;False
255;22;2549,14;Outros;Matutino;2;True;True;2024-07-04;Interior Estado;True
256;18;2797,49;Ciência da Computação;Noturno;3;False;True;2024-09-09;Outro Estado;True
257;22;2173,9;Outros;Noturno;3;False;True;2024-11-05;Outro Estado;False
258;28;2993,43;Outros;Vespertino;5;False;False;2024-07-11;Outro Estado;False
259;23;2081,26;Outros;Matutino;1;False;False;2024-07-20;Interior Estado;True
260;25;2627,93;Administração;Integral;4;False;False;2024-09-29;Outro Estado;True
261;28;1439,39;Arquitetura;Vespertino;1;False;False;2024-05-08;Mesma Cidade;True
262;23;1961,37;Outros;Integral;1;True;False;2024-12-25;Interior Estado;True
263;24;1678,58;Arquitetura;Vespertino;2;False;True;2024-10-03;Mesma Cidade;False
264;19;2327,49;Ciência da Computação;Noturno;5;True;False;2024-05-01;Mesma Cidade;True
265;21;1239,89;Administração;Noturno;1;True;True;2024-05-03;Mesma Cidade;False
266;23;961,5;Ciência da Computação;Matutino;2;False;True;2024-08-30;Interior Estado;True
267;19;800,0;Direito;Vespertino;1;False;False;2024-04-25;Interior Estado;False
268;18;1153,24;Outros;Noturno;4;True;True;2024-09-16;Outro Estado;True
269;18;975,03;Psicologia;Matutino;4;False;False;2024-08-30;Interior Estado;True
270;24;4000,0;Outros;Integral;4;False;True;2024-10-21;Mesma Cidade;True
271;27;2150,73;Outros;Integral;4;False;False;2024-07-21;Outro Estado;False
272;29;1592,74;Direito;Noturno;2;False;True;2024-01-28;Mesma Cidade;True
273;22;3231,37;Engenharia;Matutino;2;False;False;2024-12-31;Mesma Cidade;True
274;24;896,91;Arquitetura;Vespertino;4;False;True;2024-02-01;Mesma Cidade;False
275;23;1287,45;Psicologia;Vespertino;5;False;False;2024-06-30;Outro Estado;False
276;23;1292,73;Medicina;Noturno;3;True;True;2024-03-24;Outro Estado;False
277;24;1914,92;Direito;Integral;5;False;True;2024-09-03;Interior Estado;False
278;21;800,0;Ciência da Computação;Noturno;2;False;True;2024-08-29;Interior Estado;True
279;19;800,0;Direito;Integral;2;True;True;2024-05-24;Interior Estado;True
280;21;1526,33;Direito;Matutino;2;True;True;2024-12-05;Interior Estado;True
281;17;1162,0;Direito;Matutino;3;True;True;2024-06-30;Outro Estado;True
282;27;1702,0;Direito;Noturno;3;True;True;2024-06-09;Outro Estado;True
283;18;1279,79;Direito;Vespertino;1;True;True;2024-04-19;Interior Estado;True
284;21;1599,64;Ciência da Computação;Integral;2;True;False;2024-06-12;Interior Estado;True
285;24;1558,48;Outros;Integral;2;False;True;2024-02-26;Mesma Cidade;True
286;20;800,0;Outros;Noturno;1;False;True;2024-05-05;Outro Estado;True
287;28;4000,0;Ciência da Computação;Noturno;1;True;True;2024-04-01;Mesma Cidade;True
288;18;1925,04;Engenharia;Integral;2;False;False;2024-02-15;Mesma Cidade;True
289;25;1793,63;Direito;Noturno;5;False;True;2024-11-26;Interior Estado;True
290;21;800,0;Medicina;Matutino;4;False;True;2024-11-26;Outro Estado;True
291;27;1002,42;Engenharia;Matutino;3;False;True;2024-09-19;Interior Estado;True
292;22;834,06;Ciência da Computação;Vespertino;5;False;True;2024-04-08;Interior Estado;True
293;22;2023,83;Direito;Integral;3;False;True;2024-03-30;Mesma Cidade;True
294;21;2950,89;Ciência da Computação;Noturno;3;False;True;2024-11-22;Outro Estado;True
295;24;1114,98;Medicina;Integral;4;True;False;2024-04-15;Mesma Cidade;True
296;19;1772,75;Engenharia;Integral;2;True;True;2024-01-24;Interior Estado;False
297;24;2349,33;Engenharia;Matutino;3;True;False;2024-02-01;Interior Estado;True
298;21;2066,32;Ciência da Computação;Integral;1;False;True;2024-09-12;Mesma Cidade;False
299;27;1026,0;Outros;Vespertino;1;False;False;2024-08-31;Outro Estado;True
300;29;1952,47;Administração;Vespertino;1;False;True;2024-10-19;Interior Estado;False
301;19;814,66;Medicina;Matutino;1;False;True;2024-02-04;Outro Estado;True
302;21;1494,18;Engenharia;Vespertino;5;False;True;2024-11-18;Outro Estado;False
303;26;1377,8;Outros;Matutino;3;False;True;2024-02-28;Mesma Cidade;True
304;23;3279,74;Administração;Noturno;3;False;False;2024-06-15;Outro Estado;True
305;22;800,0;Psicologia;Vespertino;2;True;False;2024-01-04;Interior Estado;False
306;25;800,0;Outros;Noturno;1;False;True;2024-02-02;Mesma Cidade;True
307;23;1930,05;Engenharia;Noturno;4;False;False;2024-10-12;Interior Estado;True
308;24;4000,0;Outros;Matutino;3;False;True;2024-02-19;Interior Estado;True
309;21;800,0;Medicina;Noturno;1;False;False;2024-08-07;Interior Estado;True
310;29;4000,0;Outros;Matutino;5;False;True;2024-12-02;Mesma Cidade;True
311;17;800,0;Outros;Noturno;3;False;False;2024-12-14;Outro Estado;False
312;20;800,0;Administração;Noturno;2;False;False;2024-04-26;Interior Estado;True
313;22;800,0;Outros;Integral;1;True;True;2024-10-09;Interior Estado;True
314;23;853,95;Engenharia;Vespertino;2;True;True;2024-08-10;Outro Estado;True
315;25;2488,3;Engenharia;Noturno;1;False;True;2024-10-30;Interior Estado;False
316;28;2323,12;Outros;Noturno;2;True;True;2024-10-24;Interior Estado;True
317;25;1072,39;Administração;Noturno;4;True;True;2024-06-09;Outro Estado;True
318;20;2055,3;Engenharia;Vespertino;2;False;False;2024-11-14;Interior Estado;True
319;20;800,0;Administração;Noturno;1;True;True;2024-12-26;Mesma Cidade;True
320;20;1279,05;Psicologia;Vespertino;1;True;False;2024-04-13;Outro Estado;False
321;20;800,0;Outros;Integral;3;False;True;2024-07-08;Outro Estado;True
322;17;800,0;Outros;Noturno;5;False;True;2024-05-23;Mesma Cidade;True
323;17;800,0;Outros;Matutino;5;False;True;2024-08-03;Outro Estado;True
324;29;1232,74;Outros;Integral;1;False;False;2024-06-10;Mesma Cidade;True
325;28;3533,04;Outros;Matutino;2;True;True;2024-01-31;Outro Estado;True
326;19;4000,0;Ciência da Computação;Noturno;5;False;True;2024-09-02;Mesma Cidade;True
327;27;800,0;Engenharia;Matutino;1;False;False;2024-10-09;Outro Estado;True
328;22;2511,11;Administração;Matutino;1;False;True;2024-04-26;Outro Estado;True
329;19;1891,64;Engenharia;Noturno;1;True;True;2024-11-22;Outro Estado;True
330;22;1188,93;Medicina;Noturno;2;False;True;2024-06-06;Interior Estado;True
331;17;975,68;Psicologia;Integral;2;False;True;2024-09-06;Interior Estado;True
332;22;879,34;Engenharia;Matutino;3;False;True;2024-08-25;Interior Estado;True
333;17;2217,4;Engenharia;Matutino;2;True;False;2024-11-02;Outro Estado;True
334;21;896,33;Medicina;Matutino;5;False;True;2024-08-17;Interior Estado;True
335;18;2795,8;Administração;Noturno;2;True;True;2024-10-12;Interior Estado;True
336;23;2655,5;Psicologia;Noturno;3;False;True;2024-06-14;Mesma Cidade;True
337;25;858,25;Psicologia;Integral;2;False;True;2024-02-19;Outro Estado;True
338;22;2939,75;Direito;Noturno;2;False;True;2024-03-30;Mesma Cidade;False
339;19;1679,85;Medicina;Integral;2;True;True;2024-09-28;Mesma Cidade;True
340;24;1464,84;Administração;Vespertino;2;False;True;2024-08-06;Interior Estado;True
341;25;2860,33;Arquitetura;Matutino;2;False;False;2024-07-06;Mesma Cidade;True
342;17;800,0;Medicina;Noturno;3;True;True;2024-07-28;Mesma Cidade;False
343;21;1612,07;Ciência da Computação;Integral;5;False;True;2024-09-30;Mesma Cidade;True
344;21;897,88;Medicina;Matutino;2;False;False;2024-04-08;Mesma Cidade;True
345;21;808,76;Administração;Vespertino;3;False;False;2024-06-03;Outro Estado;True
346;22;839,37;Arquitetura;Noturno;4;False;True;2024-12-02;Interior Estado;False
347;28;1474,1;Engenharia;Integral;1;True;False;2024-04-20;Mesma Cidade;True
348;22;2272,95;Psicologia;Vespertino;1;False;True;2024-11-27;Mesma Cidade;True
349;24;800,0;Outros;Noturno;5;True;True;2024-07-04;Mesma Cidade;True
350;24;2678,1;Engenharia;Vespertino;1;False;True;2024-11-05;Interior Estado;True
351;20;1224,58;Engenharia;Vespertino;4;False;False;2024-02-09;Outro Estado;True
352;18;3918,13;Direito;Noturno;4;False;False;2024-04-13;Mesma Cidade;True
353;27;1683,7;Direito;Matutino;5;False;True;2024-07-18;Interior Estado;True
354;18;1430,73;Outros;Noturno;1;False;False;2024-01-05;Mesma Cidade;True
355;21;845,18;Outros;Vespertino;4;False;False;2024-10-05;Mesma Cidade;True
356;21;2445,26;Administração;Noturno;1;False;True;2024-12-04;Interior Estado;True
357;21;4000,0;Engenharia;Vespertino;3;True;False;2024-08-31;Mesma Cidade;False
358;26;1050,92;Arquitetura;Vespertino;3;False;False;2024-02-07;Outro Estado;True
359;24;1535,69;Direito;Vespertino;5;False;True;2024-11-26;Outro Estado;True
360;21;800,0;Ciência da Computação;Noturno;4;True;False;2024-02-13;Mesma Cidade;False
361;21;800,0;Psicologia;Integral;3;True;True;2024-05-19;Outro Estado;True
362;18;2698,58;Engenharia;Vespertino;3;True;True;2024-10-06;Interior Estado;True
363;20;1130,87;Administração;Integral;1;False;False;2024-09-19;Outro Estado;True
364;23;1329,45;Medicina;Noturno;2;True;False;2024-05-18;Interior Estado;False
365;25;1074,05;Engenharia;Noturno;1;False;True;2024-11-10;Interior Estado;True
366;29;4000,0;Outros;Vespertino;1;False;False;2024-01-30;Mesma Cidade;True
367;20;1930,53;Ciência da Computação;Vespertino;2;True;False;2024-08-12;Interior Estado;False
368;22;882,95;Administração;Matutino;4;False;True;2024-08-26;Outro Estado;False
369;25;890,42;Direito;Noturno;4;False;True;2024-11-01;Mesma Cidade;True
370;23;3481,0;Psicologia;Noturno;4;True;True;2024-07-19;Mesma Cidade;False
371;18;800,0;Ciência da Computação;Matutino;1;True;True;2024-11-10;Outro Estado;False
372;22;800,0;Psicologia;Matutino;3;False;True;2024-06-23;Outro Estado;False
373;25;1598,28;Engenharia;Matutino;4;False;True;2024-08-26;Mesma Cidade;True
374;19;4000,0;Ciência da Computação;Vespertino;1;False;True;2024-12-02;Mesma Cidade;True
375;24;800,0;Psicologia;Matutino;4;False;True;2024-03-23;Outro Estado;False
376;20;812,58;Administração;Noturno;5;True;True;2024-04-05;Interior Estado;True
377;25;804,22;Engenharia;Integral;4;False;True;2024-02-04;Interior Estado;True
378;21;992,09;Administração;Integral;3;True;True;2024-08-09;Interior Estado;True
379;24;800,0;Medicina;Integral;1;False;False;2024-12-18;Interior Estado;True
380;22;1856,91;Administração;Vespertino;1;False;True;2024-02-21;Interior Estado;True
381;28;2728,92;Psicologia;Matutino;3;True;True;2024-02-09;Mesma Cidade;True
382;18;942,54;Administração;Matutino;5;False;False;2024-01-02;Interior Estado;True
383;24;800,0;Engenharia;Integral;4;False;False;2024-04-06;Interior Estado;False
384;22;1212,74;Arquitetura;Vespertino;1;True;False;2024-09-13;Interior Estado;False
385;18;4000,0;Administração;Vespertino;4;False;True;2024-01-10;Interior Estado;False
386;20;1479,8;Ciência da Computação;Noturno;4;True;False;2024-06-06;Outro Estado;True
387;28;800,0;Psicologia;Matutino;3;False;False;2024-08-03;Mesma Cidade;True
388;25;800,0;Direito;Matutino;2;False;True;2024-11-12;Outro Estado;True
389;19;1171,54;Engenharia;Integral;1;False;False;2024-12-31;Interior Estado;False
390;27;2846,34;Administração;Vespertino;2;False;False;2024-03-07;Interior Estado;True
391;22;1922,32;Direito;Matutino;3;False;True;2024-07-28;Mesma Cidade;True
392;25;1012,12;Medicina;Matutino;4;False;True;2024-02-24;Interior Estado;True
393;20;1306,77;Medicina;Integral;3;False;False;2024-08-30;Interior Estado;True
394;25;1098,17;Engenharia;Matutino;5;True;True;2024-12-07;Interior Estado;True
395;21;800,0;Outros;Noturno;2;True;False;2024-11-16;Outro Estado;False
396;17;1025,0;Medicina;Matutino;1;False;False;2024-03-12;Mesma Cidade;True
397;25;800,0;Ciência da Computação;Noturno;4;False;False;2024-10-02;Mesma Cidade;True
398;22;1772,07;Direito;Vespertino;1;False;True;2024-02-16;Interior Estado;False
399;22;1706,96;Engenharia;Noturno;3;False;False;2024-05-10;Interior Estado;True
400;25;944,61;Direito;Integral;2;False;True;2024-06-21;Interior Estado;True
401;29;2430,82;Psicologia;Noturno;3;True;False;2024-07-12;Outro Estado;True
402;22;1185,8;Engenharia;Noturno;2;False;True;2024-06-19;Interior Estado;True
403;20;800,0;Direito;Noturno;3;False;True;2024-10-08;Mesma Cidade;True
404;26;1679,69;Psicologia;Integral;5;False;True;2024-03-18;Interior Estado;False
405;21;2500,92;Psicologia;Vespertino;1;False;True;2024-03-22;Mesma Cidade;False
406;18;1557,41;Administração;Vespertino;2;False;False;2024-10-30;Mesma Cidade;True
407;27;1110,67;Direito;Vespertino;5;False;True;2024-05-09;Interior Estado;True
408;23;978,38;Administração;Matutino;1;True;True;2024-01-10;Mesma Cidade;True
409;17;800,0;Ciência da Computação;Vespertino;1;True;False;2024-12-11;Mesma Cidade;True
410;21;2735,01;Engenharia;Integral;1;False;True;2024-12-27;Mesma Cidade;True
411;21;958,25;Administração;Integral;2;False;True;2024-10-24;Interior Estado;True
412;21;800,0;Administração;Matutino;1;False;True;2024-12-30;Outro Estado;True
413;24;2242,83;Direito;Vespertino;1;True;True;2024-01-06;Mesma Cidade;True
414;27;800,0;Direito;Noturno;5;False;True;2024-09-15;Mesma Cidade;True
415;18;800,0;Medicina;Matutino;3;False;False;2024-12-28;Mesma Cidade;True
416;26;1629,55;Direito;Matutino;5;True;True;2024-06-25;Outro Estado;False
417;24;2159,44;Psicologia;Noturno;5;False;True;2024-03-18;Outro Estado;True
418;19;2477,52;Engenharia;Integral;1;False;True;2024-09-13;Interior Estado;False
419;22;1737,66;Arquitetura;Integral;1;True;False;2024-03-23;Mesma Cidade;True
420;24;1504,66;Psicologia;Integral;5;False;True;2024-02-20;Outro Estado;True
421;20;1022,22;Outros;Integral;1;False;False;2024-08-05;Interior Estado;True
422;25;1823,61;Outros;Noturno;3;False;True;2024-11-15;Mesma Cidade;False
423;20;3156,3;Engenharia;Noturno;4;False;True;2024-01-07;Interior Estado;False
424;25;1794,62;Administração;Noturno;3;True;False;2024-12-08;Outro Estado;False
425;28;1592,45;Administração;Vespertino;4;False;True;2024-06-12;Outro Estado;True
426;20;825,15;Direito;Noturno;2;False;True;2024-01-13;Mesma Cidade;True
427;24;1699,48;Direito;Noturno;3;False;False;2024-09-19;Interior Estado;False
428;22;800,0;Outros;Vespertino;2;False;True;2024-01-06;Interior Estado;True
429;21;2444,54;Engenharia;Vespertino;1;False;True;2024-03-07;Interior Estado;True
430;21;4000,0;Direito;Noturno;1;False;True;2024-11-13;Interior Estado;True
431;29;1303,12;Engenharia;Integral;1;False;False;2024-05-14;Interior Estado;True
432;17;1030,78;Arquitetura;Matutino;2;False;True;2024-12-17;Interior Estado;True
433;25;3916,38;Ciência da Computação;Noturno;4;True;False;2024-10-30;Interior Estado;True
434;29;3515,75;Engenharia;Matutino;1;False;True;2024-04-19;Interior Estado;True
435;26;1394,11;Ciência da Computação;Noturno;1;True;True;2024-10-03;Interior Estado;True
436;24;3072,7;Outros;Integral;1;True;False;2024-11-21;Mesma Cidade;False
437;17;1418,7;Outros;Noturno;3;False;False;2024-02-02;Interior Estado;True
438;24;896,77;Arquitetura;Integral;3;True;False;2024-01-05;Mesma Cidade;True
439;28;1081,63;Engenharia;Noturno;3;True;True;2024-07-03;Mesma Cidade;True
440;24;2547,37;Ciência da Computação;Matutino;2;False;True;2024-03-01;Interior Estado;False
441;22;1302,73;Arquitetura;Vespertino;5;False;True;2024-06-21;Outro Estado;True
442;20;1664,49;Outros;Vespertino;1;True;False;2024-08-22;Outro Estado;False
443;18;2087,86;Outros;Integral;1;False;True;2024-03-31;Interior Estado;True
444;21;2847,95;Ciência da Computação;Noturno;5;False;True;2024-07-08;Interior Estado;True
445;18;1173,58;Medicina;Noturno;5;False;True;2024-03-12;Interior Estado;True
446;25;1164,08;Outros;Integral;1;False;True;2024-04-11;Mesma Cidade;False
447;20;1627,6;Outros;Integral;2;False;False;2024-02-21;Interior Estado;False
448;25;1106,6;Outros;Noturno;1;False;True;2024-07-12;Interior Estado;True
449;20;1036,76;Arquitetura;Matutino;1;False;True;2024-03-14;Outro Estado;False
450;20;2864,58;Outros;Noturno;2;True;True;2024-07-30;Interior Estado;True
451;21;4000,0;Engenharia;Noturno;2;False;False;2024-11-03;Mesma Cidade;True
452;17;1178,26;Outros;Vespertino;1;False;True;2024-09-24;Interior Estado;True
453;21;1811,71;Outros;Noturno;2;False;True;2024-02-23;Interior Estado;True
454;23;1573,17;Psicologia;Integral;1;False;False;2024-06-27;Outro Estado;True
455;24;2176,09;Administração;Vespertino;1;False;False;2024-04-15;Interior Estado;True
456;17;1690,39;Arquitetura;Integral;3;False;True;2024-04-20;Mesma Cidade;False
457;23;800,0;Engenharia;Matutino;2;False;False;2024-01-03;Interior Estado;False
458;27;1456,71;Administração;Noturno;3;True;True;2024-10-27;Interior Estado;True
459;21;3164,95;Direito;Integral;1;False;False;2024-01-16;Mesma Cidade;True
460;25;3353,37;Administração;Noturno;1;False;True;2024-10-29;Mesma Cidade;True
461;25;1922,81;Administração;Noturno;5;True;True;2024-06-27;Interior Estado;True
462;23;1994,9;Direito;Integral;3;False;False;2024-10-27;Mesma Cidade;True
463;26;3091,93;Arquitetura;Integral;3;False;True;2024-02-17;Outro Estado;True
464;25;800,0;Outros;Vespertino;2;False;True;2024-04-07;Outro Estado;False
465;29;1856,06;Outros;Matutino;2;False;True;2024-05-23;Interior Estado;True
466;23;1880,23;Outros;Matutino;5;False;False;2024-11-19;Outro Estado;True
467;21;800,0;Administração;Noturno;2;False;True;2024-03-11;Mesma Cidade;True
468;20;1156,88;Medicina;Vespertino;1;False;True;2024-08-23;Interior Estado;True
469;20;800,0;Arquitetura;Matutino;4;False;False;2024-04-03;Interior Estado;True
470;20;2717,66;Arquitetura;Noturno;1;True;False;2024-02-03;Outro Estado;True
471;24;1375,98;Outros;Integral;1;False;False;2024-05-17;Interior Estado;True
472;18;1012,85;Engenharia;Vespertino;4;False;False;2024-11-14;Outro Estado;True
473;18;4000,0;Medicina;Noturno;3;False;True;2024-10-07;Mesma Cidade;True
474;17;1112,79;Ciência da Computação;Matutino;4;False;False;2024-12-16;Mesma Cidade;True
475;23;800,0;Engenharia;Integral;5;False;True;2024-07-12;Interior Estado;True
476;27;1855,6;Medicina;Vespertino;1;True;True;2024-05-01;Mesma Cidade;True
477;28;2034,77;Psicologia;Matutino;1;False;True;2024-07-20;Outro Estado;False
478;18;2465,96;Engenharia;Integral;4;False;True;2024-11-21;Interior Estado;False
479;20;800,0;Engenharia;Noturno;1;False;False;2024-12-06;Mesma Cidade;False
480;26;1481,85;Direito;Integral;5;False;True;2024-06-02;Interior Estado;False
481;17;800,0;Psicologia;Matutino;4;False;True;2024-02-06;Outro Estado;True
482;22;800,0;Direito;Noturno;3;True;False;2024-01-08;Mesma Cidade;False
483;29;800,0;Engenharia;Noturno;3;True;True;2024-03-20;Interior Estado;True
484;26;1123,81;Administração;Matutino;3;False;True;2024-11-15;Mesma Cidade;True
485;20;1726,12;Administração;Noturno;1;False;True;2024-02-02;Mesma Cidade;True
486;26;1611,14;Ciência da Computação;Matutino;4;False;True;2024-09-22;Mesma Cidade;True
487;18;938,88;Ciência da Computação;Vespertino;4;False;True;2024-03-23;Mesma Cidade;True
488;23;2118,05;Administração;Noturno;2;False;False;2024-09-10;Outro Estado;True
489;21;1200,23;Outros;Noturno;4;True;True;2024-05-21;Mesma Cidade;False
490;21;2191,42;Medicina;Integral;4;False;False;2024-06-08;Interior Estado;True
491;17;1630,88;Outros;Integral;1;True;True;2024-05-17;Mesma Cidade;True
492;17;3640,79;Medicina;Matutino;3;False;False;2024-09-16;Outro Estado;True
493;22;3142,05;Ciência da Computação;Noturno;5;False;True;2024-06-29;Interior Estado;True
494;25;1841,5;Outros;Noturno;2;False;True;2024-03-16;Mesma Cidade;True
495;22;1279,47;Ciência da Computação;Noturno;1;True;True;2024-08-17;Interior Estado;True
496;27;1994,93;Outros;Integral;1;True;True;2024-02-29;Outro Estado;True
497;25;1961,63;Direito;Noturno;1;False;False;2024-06-06;Interior Estado;True
498;29;4000,0;Medicina;Noturno;1;False;True;2024-02-10;Interior Estado;True
499;20;800,0;Outros;Vespertino;3;True;True;2024-08-13;Interior Estado;True
500;23;800,0;Psicologia;Matutino;5;False;True;2024-06-17;Interior Estado;False
501;22;3295,83;Psicologia;Vespertino;1;False;True;2024-07-20;Mesma Cidade;True
502;23;4000,0;Medicina;Noturno;2;True;False;2024-05-17;Mesma Cidade;True
503;23;882,49;Direito;Noturno;5;False;False;2024-12-27;Interior Estado;False
504;28;1521,26;Medicina;Integral;5;False;True;2024-10-05;Mesma Cidade;True
505;25;807,57;Administração;Noturno;1;False;True;2024-12-08;Outro Estado;False
506;18;3478,44;Outros;Matutino;1;True;True;2024-09-02;Outro Estado;True
507;28;800,0;Engenharia;Matutino;1;False;True;2024-07-31;Mesma Cidade;True
508;23;3045,32;Outros;Matutino;2;False;True;2024-03-14;Interior Estado;True
509;26;800,0;Arquitetura;Noturno;3;False;True;2024-09-13;Outro Estado;True
510;18;1179,31;Outros;Integral;5;False;True;2024-04-24;Interior Estado;True
511;20;800,0;Administração;Matutino;4;True;False;2024-02-18;Interior Estado;True
512;20;800,0;Direito;Vespertino;1;True;True;2024-10-21;Interior Estado;True
513;26;1347,07;Engenharia;Integral;1;True;True;2024-03-07;Mesma Cidade;False
514;25;1305,96;Outros;Noturno;4;False;True;2024-02-04;Interior Estado;False
515;25;818,0;Administração;Noturno;1;False;False;2024-05-10;Mesma Cidade;True
516;26;862,44;Arquitetura;Integral;3;False;False;2024-06-15;Outro Estado;True
517;21;2162,55;Arquitetura;Matutino;1;False;False;2024-04-04;Interior Estado;False
518;21;2201,93;Ciência da Computação;Noturno;5;False;True;2024-06-01;Mesma Cidade;True
519;25;2669,31;Ciência da Computação;Matutino;4;True;True;2024-12-29;Interior Estado;True
520;24;4000,0;Administração;Integral;5;False;True;2024-01-14;Interior Estado;True
521;22;2746,7;Engenharia;Noturno;2;True;False;2024-07-14;Outro Estado;True
522;24;1439,2;Direito;Noturno;1;True;False;2024-05-12;Interior Estado;True
523;18;2325,68;Medicina;Noturno;5;True;True;2024-03-08;Interior Estado;True
524;17;1024,17;Outros;Noturno;1;False;False;2024-07-28;Interior Estado;True
525;22;1234,04;Engenharia;Matutino;3;True;False;2024-06-14;Interior Estado;True
526;17;2087,96;Administração;Matutino;3;True;True;2024-05-14;Interior Estado;True
527;17;3364,11;Direito;Noturno;1;False;False;2024-01-31;Mesma Cidade;False
528;20;800,0;Arquitetura;Noturno;5;False;False;2024-03-02;Interior Estado;True
529;26;1505,98;Engenharia;Matutino;3;False;True;2024-11-09;Mesma Cidade;True
530;29;1349,7;Medicina;Matutino;2;False;False;2024-07-16;Outro Estado;True
531;18;2522,22;Administração;Vespertino;3;False;True;2024-04-12;Mesma Cidade;True
532;18;1088,69;Outros;Matutino;2;False;False;2024-12-28;Interior Estado;True
533;20;2657,76;Administração;Noturno;4;True;False;2024-07-25;Interior Estado;True
534;21;1223,2;Direito;Integral;2;False;False;2024-02-06;Interior Estado;True
535;19;2626,82;Engenharia;Vespertino;5;False;True;2024-11-06;Mesma Cidade;True
536;20;800,0;Outros;Noturno;1;False;False;2024-12-20;Interior Estado;True
537;21;2086,16;Administração;Matutino;3;False;True;2024-11-08;Outro Estado;True
538;26;1231,32;Administração;Integral;1;False;True;2024-08-10;Mesma Cidade;True
539;20;3144,77;Administração;Noturno;3;False;True;2024-02-27;Mesma Cidade;False
540;24;2748,8;Administração;Vespertino;3;False;True;2024-02-25;Outro Estado;True
541;27;1383,26;Administração;Noturno;1;False;True;2024-06-02;Interior Estado;True
542;25;800,0;Outros;Vespertino;2;False;False;2024-07-28;Mesma Cidade;True
543;17;1464,97;Direito;Noturno;2;False;True;2024-09-16;Outro Estado;True
544;25;800,0;Arquitetura;Noturno;3;True;True;2024-12-27;Mesma Cidade;True
545;27;800,0;Engenharia;Noturno;2;False;True;2024-03-20;Interior Estado;False
546;17;4000,0;Administração;Integral;1;False;False;2024-10-29;Mesma Cidade;True
547;21;1231,95;Administração;Matutino;5;False;True;2024-02-10;Mesma Cidade;True
548;23;1728,58;Ciência da Computação;Matutino;2;False;False;2024-04-03;Mesma Cidade;False
549;18;960,63;Administração;Vespertino;5;False;True;2024-12-05;Mesma Cidade;True
550;20;1171,53;Ciência da Computação;Noturno;5;True;True;2024-10-09;Mesma Cidade;True
551;20;1925,66;Ciência da Computação;Integral;3;False;True;2024-02-01;Outro Estado;True
552;20;1195,74;Ciência da Computação;Vespertino;5;False;True;2024-10-19;Mesma Cidade;True
553;25;1032,37;Psicologia;Integral;3;False;True;2024-05-11;Outro Estado;True
554;23;2097,44;Ciência da Computação;Noturno;1;False;True;2024-06-07;Interior Estado;False
555;21;1334,65;Outros;Noturno;5;False;True;2024-11-02;Mesma Cidade;True
556;22;1802,24;Outros;Integral;2;False;True;2024-07-12;Outro Estado;True
557;22;1239,32;Outros;Integral;3;False;True;2024-07-26;Interior Estado;True
558;26;800,0;Engenharia;Noturno;1;False;True;2024-06-26;Interior Estado;False
559;24;1913,13;Ciência da Computação;Vespertino;3;False;True;2024-09-08;Outro Estado;True
560;24;1663,8;Administração;Integral;1;True;False;2024-08-22;Mesma Cidade;False
561;28;4000,0;Outros;Vespertino;1;False;False;2024-07-07;Interior Estado;True
562;20;2794,3;Ciência da Computação;Noturno;1;False;False;2024-02-27;Interior Estado;True
563;28;1525,89;Ciência da Computação;Vespertino;2;False;True;2024-03-13;Mesma Cidade;True
564;20;915,05;Administração;Noturno;2;True;False;2024-09-01;Outro Estado;True
565;25;1205,95;Administração;Noturno;3;False;True;2024-11-19;Interior Estado;True
566;21;1953,88;Ciência da Computação;Vespertino;1;False;True;2024-12-05;Mesma Cidade;True
567;29;1188,15;Engenharia;Vespertino;5;False;True;2024-12-30;Outro Estado;True
568;24;800,0;Arquitetura;Matutino;2;False;True;2024-10-18;Interior Estado;False
569;26;800,0;Administração;Noturno;4;False;True;2024-06-27;Interior Estado;False
570;18;921,03;Direito;Matutino;5;True;True;2024-04-02;Interior Estado;True
571;28;1929,53;Arquitetura;Matutino;1;False;True;2024-06-29;Interior Estado;True
572;25;800,0;Engenharia;Noturno;3;False;True;2024-05-06;Mesma Cidade;False
573;22;4000,0;Psicologia;Integral;3;False;True;2024-01-23;Outro Estado;True
574;25;868,71;Direito;Noturno;1;False;True;2024-06-08;Interior Estado;False
575;21;1720,24;Ciência da Computação;Matutino;5;False;True;2024-07-16;Interior Estado;False
576;24;1382,82;Psicologia;Vespertino;3;True;True;2024-10-08;Outro Estado;True
577;21;1722,83;Outros;Matutino;4;False;False;2024-06-17;Outro Estado;True
578;27;1109,05;Outros;Vespertino;1;False;True;2024-11-18;Outro Estado;True
579;18;1239,19;Arquitetura;Integral;1;True;False;2024-12-07;Interior Estado;True
580;24;2595,28;Ciência da Computação;Matutino;3;False;True;2024-07-11;Mesma Cidade;True
581;28;1266,43;Administração;Integral;4;True;True;2024-03-24;Interior Estado;True
582;23;2106,5;Engenharia;Integral;3;False;True;2024-05-17;Interior Estado;True
583;25;4000,0;Medicina;Noturno;5;False;True;2024-10-19;Interior Estado;False
584;26;2298,14;Ciência da Computação;Matutino;3;True;True;2024-08-31;Outro Estado;True
585;24;1349,7;Administração;Integral;3;False;True;2024-03-23;Mesma Cidade;True
586;25;1885,84;Medicina;Matutino;5;False;True;2024-04-22;Outro Estado;True
587;29;1240,34;Engenharia;Noturno;2;False;True;2024-11-26;Interior Estado;False
588;17;1234,51;Direito;Integral;2;True;True;2024-05-20;Mesma Cidade;True
589;17;1751,42;Medicina;Integral;2;False;False;2024-07-07;Mesma Cidade;True
590;25;3860,91;Direito;Matutino;2;False;True;2024-09-23;Mesma Cidade;True
591;24;2966,62;Administração;Noturno;3;False;False;2024-07-29;Mesma Cidade;True
592;27;1372,18;Engenharia;Integral;5;False;False;2024-04-21;Outro Estado;False
593;29;2188,48;Ciência da Computação;Noturno;3;False;True;2024-02-21;Mesma Cidade;True
594;25;1816,12;Medicina;Noturno;1;False;False;2024-03-05;Mesma Cidade;True
595;26;868,96;Medicina;Noturno;1;False;False;2024-12-07;Interior Estado;True
596;22;1673,39;Ciência da Computação;Vespertino;3;False;True;2024-11-23;Outro Estado;True
597;23;1061,6;Ciência da Computação;Matutino;1;False;True;2024-08-11;Mesma Cidade;True
598;24;1552,56;Outros;Matutino;1;False;True;2024-12-21;Mesma Cidade;True
599;20;1286,75;Medicina;Matutino;5;True;False;2024-09-29;Mesma Cidade;True
600;18;1769,9;Engenharia;Noturno;1;False;False;2024-11-11;Interior Estado;True
601;22;800,0;Direito;Noturno;2;False;True;2024-05-10;Interior Estado;True
602;22;1638,19;Engenharia;Noturno;3;False;True;2024-04-03;Interior Estado;True
603;25;800,0;Engenharia;Vespertino;4;False;False;2024-10-18;Outro Estado;True
604;18;1786,1;Ciência da Computação;Noturno;5;False;False;2024-06-19;Interior Estado;True
605;20;800,0;Engenharia;Integral;5;False;True;2024-05-08;Interior Estado;False
606;19;3571,89;Engenharia;Noturno;3;False;True;2024-01-24;Outro Estado;True
607;24;2015,09;Engenharia;Noturno;2;False;True;2024-07-16;Interior Estado;True
608;21;2432,05;Psicologia;Noturno;1;True;False;2024-03-19;Mesma Cidade;True
609;29;800,0;Outros;Noturno;5;False;False;2024-03-11;Outro Estado;True
610;22;1231,63;Administração;Vespertino;1;False;False;2024-07-25;Interior Estado;True
611;19;800,0;Direito;Matutino;4;True;False;2024-04-15;Outro Estado;False
612;25;1429,05;Administração;Matutino;4;False;False;2024-04-22;Outro Estado;True
613;20;1563,06;Psicologia;Noturno;5;True;False;2024-04-22;Mesma Cidade;True
614;17;1531,71;Engenharia;Matutino;1;False;True;2024-06-02;Interior Estado;False
615;21;4000,0;Outros;Vespertino;2;False;False;2024-05-11;Mesma Cidade;True
616;22;1184,55;Arquitetura;Matutino;3;False;True;2024-10-06;Outro Estado;False
617;28;800,0;Engenharia;Integral;3;False;False;2024-10-24;Mesma Cidade;True
618;21;1061,06;Administração;Matutino;2;False;False;2024-10-06;Outro Estado;True
619;24;1467,47;Outros;Noturno;2;False;True;2024-07-22;Interior Estado;True
620;29;1863,37;Outros;Vespertino;4;False;False;2024-01-03;Interior Estado;True
621;20;800,0;Ciência da Computação;Matutino;5;False;True;2024-12-27;Mesma Cidade;False
622;25;1340,82;Medicina;Noturno;1;True;False;2024-06-22;Outro Estado;True
623;21;1005,15;Engenharia;Noturno;5;False;True;2024-09-17;Outro Estado;True
624;22;1844,21;Ciência da Computação;Noturno;4;True;True;2024-07-22;Outro Estado;True
625;19;1095,67;Outros;Integral;5;False;True;2024-05-25;Mesma Cidade;False
626;28;1481,86;Arquitetura;Noturno;4;False;True;2024-02-28;Outro Estado;False
627;29;1734,58;Medicina;Matutino;2;False;True;2024-06-28;Outro Estado;True
628;22;1202,4;Psicologia;Matutino;3;False;True;2024-10-30;Outro Estado;False
629;21;1023,34;Outros;Matutino;3;False;True;2024-11-29;Interior Estado;True
630;20;1774,08;Direito;Noturno;2;True;False;2024-12-13;Interior Estado;True
631;17;1630,97;Ciência da Computação;Noturno;2;True;True;2024-02-07;Interior Estado;True
632;28;2789,97;Outros;Integral;3;True;True;2024-09-06;Outro Estado;True
633;21;2058,84;Administração;Noturno;3;True;True;2024-03-05;Interior Estado;True
634;24;1724,29;Outros;Matutino;2;False;True;2024-11-09;Mesma Cidade;True
635;21;1262,09;Direito;Matutino;4;True;True;2024-08-01;Interior Estado;True
636;21;1086,27;Engenharia;Noturno;5;False;False;2024-12-22;Interior Estado;True
637;22;1389,57;Arquitetura;Noturno;5;True;True;2024-05-14;Mesma Cidade;False
638;23;800,0;Outros;Matutino;2;False;False;2024-12-18;Interior Estado;False
639;22;2543,66;Ciência da Computação;Noturno;2;False;False;2024-03-07;Outro Estado;True
640;26;1288,78;Medicina;Vespertino;3;True;False;2024-08-25;Outro Estado;False
641;26;4000,0;Psicologia;Noturno;2;True;True;2024-04-01;Outro Estado;True
642;24;1453,14;Arquitetura;Integral;4;False;True;2024-11-14;Interior Estado;True
643;20;800,0;Outros;Matutino;1;False;True;2024-06-28;Mesma Cidade;True
644;22;1769,65;Psicologia;Matutino;4;False;True;2024-04-03;Interior Estado;True
645;20;1384,65;Psicologia;Integral;1;False;False;2024-07-04;Outro Estado;False
646;22;800,0;Engenharia;Noturno;2;False;False;2024-08-31;Interior Estado;True
647;26;2948,09;Medicina;Matutino;4;False;True;2024-10-28;Mesma Cidade;True
648;22;1132,81;Outros;Noturno;1;False;False;2024-12-20;Mesma Cidade;False
649;17;985,29;Outros;Noturno;5;True;True;2024-07-25;Mesma Cidade;True
650;22;1564,51;Engenharia;Noturno;4;True;True;2024-07-27;Mesma Cidade;True
651;24;1385,01;Engenharia;Noturno;3;False;True;2024-05-05;Mesma Cidade;False
652;24;800,0;Direito;Noturno;4;True;False;2024-05-20;Interior Estado;True
653;23;4000,0;Administração;Matutino;3;True;False;2024-06-22;Outro Estado;True
654;19;1583,88;Outros;Vespertino;5;False;True;2024-08-18;Outro Estado;True
655;20;4000,0;Administração;Noturno;2;True;True;2024-12-16;Interior Estado;True
656;21;861,5;Outros;Integral;2;False;False;2024-06-07;Outro Estado;True
657;25;1237,62;Administração;Noturno;2;False;True;2024-12-17;Interior Estado;False
658;20;1381,49;Outros;Noturno;4;False;True;2024-06-18;Mesma Cidade;True
659;25;800,0;Engenharia;Noturno;1;True;True;2024-08-30;Interior Estado;True
660;20;3172,36;Psicologia;Noturno;1;False;False;2024-06-13;Interior Estado;False
661;24;1072,17;Psicologia;Noturno;3;False;True;2024-03-08;Interior Estado;True
662;20;1552,39;Engenharia;Matutino;1;True;True;2024-09-03;Interior Estado;True
663;24;834,43;Ciência da Computação;Vespertino;1;False;True;2024-05-12;Mesma Cidade;True
664;23;946,09;Ciência da Computação;Vespertino;3;True;True;2024-04-13;Outro Estado;False
665;18;1378,34;Ciência da Computação;Noturno;3;True;True;2024-03-08;Mesma Cidade;True
666;20;950,35;Direito;Matutino;2;False;False;2024-10-15;Outro Estado;True
667;22;800,0;Engenharia;Matutino;5;False;True;2024-11-14;Interior Estado;False
668;18;3062,32;Administração;Matutino;3;False;False;2024-01-30;Mesma Cidade;False
669;23;1562,81;Arquitetura;Matutino;2;False;True;2024-01-04;Interior Estado;True
670;17;1403,13;Ciência da Computação;Noturno;1;True;False;2024-02-14;Mesma Cidade;False
671;22;2105,87;Psicologia;Vespertino;4;False;True;2024-08-27;Outro Estado;True
672;25;1967,37;Arquitetura;Noturno;5;False;True;2024-05-28;Interior Estado;True
673;19;800,0;Direito;Noturno;5;True;True;2024-07-16;Interior Estado;True
674;18;833,54;Outros;Integral;5;True;True;2024-10-28;Mesma Cidade;False
675;28;800,0;Administração;Matutino;5;True;False;2024-03-17;Interior Estado;True
676;24;1375,03;Outros;Noturno;4;True;False;2024-03-11;Outro Estado;False
677;24;1001,6;Ciência da Computação;Integral;3;False;True;2024-08-17;Outro Estado;True
678;20;1272,91;Psicologia;Noturno;3;False;False;2024-09-30;Outro Estado;True
679;17;800,0;Arquitetura;Vespertino;1;True;True;2024-09-15;Interior Estado;False
680;25;1961,22;Administração;Integral;2;False;True;2024-01-29;Mesma Cidade;True
681;21;891,37;Ciência da Computação;Integral;2;False;True;2024-07-14;Interior Estado;True
682;18;1600,0;Direito;Vespertino;5;False;True;2024-06-04;Mesma Cidade;True
683;29;800,0;Outros;Noturno;4;False;True;2024-01-05;Mesma Cidade;True
684;20;1578,47;Medicina;Noturno;4;False;True;2024-09-06;Interior Estado;True
685;22;1208,83;Direito;Integral;3;True;False;2024-02-26;Interior Estado;True
686;19;1546,26;Administração;Vespertino;4;True;True;2024-06-05;Interior Estado;True
687;22;2819,43;Engenharia;Integral;4;True;False;2024-12-16;Mesma Cidade;True
688;21;1115,86;Outros;Integral;5;False;False;2024-10-22;Outro Estado;True
689;25;2472,67;Outros;Noturno;5;False;False;2024-10-20;Mesma Cidade;True
690;29;4000,0;Engenharia;Vespertino;1;False;False;2024-11-04;Mesma Cidade;False
691;20;800,0;Ciência da Computação;Noturno;1;False;False;2024-07-17;Interior Estado;False
692;25;1541,28;Engenharia;Noturno;2;False;True;2024-09-13;Interior Estado;False
693;23;1571,13;Psicologia;Noturno;3;False;False;2024-06-14;Mesma Cidade;True
694;23;972,83;Psicologia;Noturno;2;False;False;2024-02-22;Outro Estado;True
695;23;917,69;Outros;Vespertino;4;False;True;2024-06-25;Interior Estado;True
696;17;4000,0;Administração;Integral;4;False;True;2024-06-20;Mesma Cidade;True
697;22;4000,0;Direito;Vespertino;1;False;False;2024-11-21;Mesma Cidade;True
698;24;800,0;Psicologia;Matutino;4;True;True;2024-10-13;Outro Estado;True
699;26;800,0;Engenharia;Matutino;4;False;True;2024-12-19;Mesma Cidade;False
700;25;802,71;Outros;Matutino;4;False;True;2024-12-20;Mesma Cidade;True
701;20;4000,0;Outros;Noturno;2;True;True;2024-12-31;Outro Estado;True
702;22;1329,8;Engenharia;Integral;3;False;True;2024-10-30;Mesma Cidade;True
703;18;1893,67;Outros;Noturno;1;False;False;2024-07-14;Interior Estado;True
704;21;800,0;Psicologia;Noturno;3;True;True;2024-02-24;Mesma Cidade;False
705;24;944,73;Engenharia;Matutino;2;False;True;2024-02-05;Interior Estado;True
706;25;952,84;Arquitetura;Matutino;4;False;True;2024-12-27;Mesma Cidade;True
707;18;2255,61;Outros;Noturno;3;True;True;2024-05-12;Interior Estado;True
708;24;2372,0;Administração;Noturno;1;False;True;2024-02-07;Outro Estado;False
709;24;1472,32;Direito;Matutino;5;True;False;2024-03-14;Mesma Cidade;True
710;23;800,0;Direito;Matutino;1;True;False;2024-01-26;Mesma Cidade;True
711;17;1176,45;Direito;Matutino;3;False;False;2024-08-22;Interior Estado;True
712;19;800,0;Medicina;Vespertino;2;True;True;2024-11-19;Mesma Cidade;False
713;22;2039,78;Outros;Noturno;1;False;False;2024-03-09;Mesma Cidade;True
714;18;4000,0;Administração;Noturno;5;False;False;2024-11-11;Mesma Cidade;False
715;25;1039,78;Psicologia;Integral;5;False;False;2024-06-21;Mesma Cidade;True
716;25;876,07;Direito;Integral;4;False;True;2024-04-20;Outro Estado;True
717;20;4000,0;Direito;Vespertino;1;False;True;2024-01-08;Mesma Cidade;False
718;18;1565,72;Direito;Matutino;5;False;True;2024-10-08;Outro Estado;True
719;24;2436,28;Engenharia;Integral;1;True;False;2024-06-17;Interior Estado;True
720;23;2087,93;Medicina;Vespertino;4;True;True;2024-11-10;Interior Estado;True
721;26;800,0;Outros;Noturno;4;True;False;2024-02-23;Interior Estado;False
722;22;800,0;Arquitetura;Matutino;1;False;True;2024-11-02;Interior Estado;True
723;21;895,5;Engenharia;Noturno;2;False;True;2024-12-20;Interior Estado;True
724;24;1135,66;Outros;Matutino;4;False;False;2024-10-10;Interior Estado;True
725;17;821,03;Outros;Noturno;3;True;True;2024-03-04;Interior Estado;True
726;21;800,0;Medicina;Integral;4;True;True;2024-06-16;Interior Estado;True
727;22;800,0;Outros;Noturno;2;False;False;2024-11-11;Outro Estado;True
728;20;800,0;Engenharia;Vespertino;4;False;True;2024-01-11;Mesma Cidade;True
729;21;800,0;Outros;Vespertino;2;False;True;2024-11-18;Interior Estado;True
730;24;1642,19;Outros;Integral;4;False;True;2024-07-30;Mesma Cidade;False
731;22;4000,0;Engenharia;Vespertino;4;False;True;2024-05-24;Outro Estado;True
732;18;1694,56;Ciência da Computação;Noturno;3;False;True;2024-01-21;Interior Estado;True
733;18;800,0;Direito;Matutino;2;False;True;2024-09-17;Mesma Cidade;False
734;25;2017,4;Direito;Matutino;1;False;False;2024-06-17;Interior Estado;True
735;18;1021,06;Outros;Integral;4;False;True;2024-12-09;Mesma Cidade;True
736;18;800,0;Psicologia;Noturno;1;False;True;2024-12-01;Interior Estado;True
737;22;1011,32;Outros;Noturno;1;False;True;2024-11-17;Interior Estado;True
738;20;2556,91;Outros;Integral;4;False;False;2024-07-08;Mesma Cidade;True
739;20;1232,21;Arquitetura;Noturno;1;False;True;2024-02-02;Outro Estado;True
740;21;1621,97;Psicologia;Noturno;1;False;True;2024-04-10;Outro Estado;True
741;21;1601,79;Medicina;Noturno;1;False;True;2024-10-26;Interior Estado;True
742;18;3942,1;Engenharia;Integral;1;True;True;2024-10-05;Mesma Cidade;True
743;24;1646,08;Outros;Vespertino;3;False;False;2024-06-17;Outro Estado;True
744;23;800,0;Outros;Integral;3;True;True;2024-07-02;Interior Estado;False
745;20;1413,39;Direito;Noturno;3;False;True;2024-12-11;Interior Estado;True
746;25;800,0;Administração;Integral;1;False;False;2024-03-22;Outro Estado;True
747;19;954,62;Outros;Integral;4;False;True;2024-02-28;Interior Estado;True
748;29;1968,88;Engenharia;Noturno;3;False;False;2024-06-01;Interior Estado;True
749;20;800,0;Administração;Matutino;4;True;False;2024-07-15;Interior Estado;True
750;24;1345,08;Psicologia;Matutino;5;False;False;2024-03-25;Mesma Cidade;True
751;22;1034,12;Ciência da Computação;Integral;5;False;True;2024-03-19;Interior Estado;False
752;23;1785,45;Administração;Matutino;2;True;True;2024-06-18;Interior Estado;True
753;21;1340,25;Administração;Matutino;3;True;False;2024-06-05;Mesma Cidade;True
754;23;3211,97;Engenharia;Noturno;2;True;True;2024-05-10;Interior Estado;False
755;21;2026,49;Medicina;Integral;5;False;True;2024-03-29;Mesma Cidade;True
756;20;940,47;Outros;Vespertino;3;True;True;2024-11-30;Interior Estado;True
757;17;1663,37;Engenharia;Vespertino;2;False;True;2024-07-09;Interior Estado;True
758;24;3533,28;Engenharia;Noturno;1;False;True;2024-12-05;Interior Estado;True
759;29;1340,2;Administração;Integral;3;True;False;2024-03-24;Mesma Cidade;False
760;20;2189,38;Outros;Integral;1;True;True;2024-10-05;Interior Estado;False
761;18;1407,96;Outros;Noturno;2;False;True;2024-12-30;Outro Estado;True
762;22;1531,37;Direito;Matutino;5;False;True;2024-06-17;Interior Estado;False
763;25;1317,5;Ciência da Computação;Matutino;2;False;True;2024-10-04;Mesma Cidade;True
764;19;1180,81;Engenharia;Matutino;3;False;True;2024-11-10;Interior Estado;True
765;25;4000,0;Engenharia;Matutino;2;False;True;2024-06-18;Mesma Cidade;False
766;29;3249,38;Outros;Matutino;4;True;True;2024-03-10;Mesma Cidade;True
767;23;1256,38;Outros;Noturno;3;False;True;2024-10-23;Mesma Cidade;True
768;17;800,0;Medicina;Noturno;2;False;False;2024-05-05;Outro Estado;False
769;17;800,0;Ciência da Computação;Noturno;2;False;True;2024-07-01;Outro Estado;False
770;25;1151,95;Administração;Integral;5;False;True;2024-02-10;Mesma Cidade;True
771;19;1249,35;Outros;Matutino;1;False;True;2024-12-08;Outro Estado;False
772;20;1330,83;Engenharia;Vespertino;5;True;True;2024-12-04;Outro Estado;True
773;25;2321,59;Outros;Integral;1;False;False;2024-02-20;Mesma Cidade;True
774;23;2432,84;Outros;Noturno;1;False;True;2024-09-11;Interior Estado;True
775;20;2534,82;Psicologia;Integral;1;True;True;2024-10-07;Mesma Cidade;True
776;19;1859,09;Medicina;Noturno;2;False;False;2024-05-23;Interior Estado;True
777;19;1412,69;Ciência da Computação;Integral;4;False;False;2024-02-14;Interior Estado;True
778;25;837,61;Ciência da Computação;Vespertino;4;False;False;2024-01-15;Interior Estado;True
779;21;800,0;Administração;Integral;1;False;True;2024-08-12;Mesma Cidade;True
780;20;1258,38;Administração;Matutino;4;False;False;2024-11-28;Interior Estado;True
781;22;2462,05;Psicologia;Noturno;4;True;True;2024-10-01;Outro Estado;True
782;21;3724,4;Direito;Noturno;2;True;False;2024-06-30;Outro Estado;False
783;23;919,28;Outros;Matutino;1;False;True;2024-07-30;Interior Estado;True
784;22;800,0;Administração;Matutino;5;True;True;2024-06-17;Interior Estado;False
785;25;800,0;Ciência da Computação;Matutino;1;True;True;2024-04-09;Interior Estado;True
786;25;2175,67;Direito;Integral;2;True;True;2024-12-25;Mesma Cidade;True
787;21;2023,66;Medicina;Vespertino;2;False;True;2024-04-01;Mesma Cidade;False
788;18;800,0;Engenharia;Integral;4;False;True;2024-04-22;Interior Estado;False
789;25;1925,81;Outros;Noturno;5;False;True;2024-06-14;Mesma Cidade;True
790;22;1595,52;Ciência da Computação;Noturno;4;False;True;2024-03-01;Outro Estado;False
791;24;800,0;Ciência da Computação;Noturno;1;False;False;2024-09-21;Mesma Cidade;False
792;25;1174,87;Arquitetura;Noturno;5;True;True;2024-01-05;Interior Estado;True
793;24;1354,98;Outros;Noturno;2;False;True;2024-10-25;Outro Estado;True
794;29;1115,38;Medicina;Matutino;1;False;True;2024-03-23;Interior Estado;True
795;26;979,64;Direito;Vespertino;1;False;True;2024-10-11;Interior Estado;False
796;23;800,0;Administração;Integral;4;True;True;2024-12-07;Interior Estado;True
797;22;1402,87;Engenharia;Noturno;1;False;True;2024-04-25;Interior Estado;False
798;21;1674,1;Direito;Vespertino;2;False;True;2024-04-14;Mesma Cidade;True
799;19;1444,47;Outros;Vespertino;5;False;False;2024-07-03;Interior Estado;True
800;23;1770,43;Outros;Noturno;4;False;False;2024-03-07;Interior Estado;True
801;20;800,0;Administração;Noturno;2;False;False;2024-09-24;Interior Estado;True
802;23;1498,91;Outros;Matutino;3;False;False;2024-03-01;Mesma Cidade;True
803;18;1179,55;Outros;Vespertino;3;False;False;2024-08-28;Mesma Cidade;True
804;24;2685,53;Medicina;Matutino;5;True;True;2024-11-25;Interior Estado;True
805;22;914,99;Administração;Matutino;4;False;True;2024-03-25;Outro Estado;True
806;23;1333,64;Ciência da Computação;Vespertino;1;False;False;2024-05-30;Outro Estado;True
807;20;800,0;Outros;Matutino;5;False;True;2024-02-25;Mesma Cidade;True
808;17;871,68;Administração;Noturno;4;False;False;2024-08-22;Mesma Cidade;False
809;29;1472,44;Ciência da Computação;Noturno;1;True;True;2024-07-29;Mesma Cidade;False
810;21;2975,35;Medicina;Noturno;4;False;True;2024-07-14;Mesma Cidade;True
811;29;2152,78;Direito;Noturno;5;False;True;2024-03-12;Interior Estado;True
812;25;800,0;Medicina;Noturno;5;False;False;2024-11-12;Outro Estado;True
813;20;800,0;Outros;Noturno;3;False;True;2024-07-14;Mesma Cidade;False
814;25;800,0;Outros;Integral;2;True;False;2024-02-04;Interior Estado;True
815;22;1431,74;Psicologia;Matutino;4;False;True;2024-01-04;Outro Estado;True
816;23;1156,91;Administração;Noturno;1;False;False;2024-09-21;Outro Estado;True
817;21;4000,0;Outros;Noturno;2;False;True;2024-10-03;Interior Estado;False
818;25;1122,84;Medicina;Matutino;4;True;False;2024-10-04;Outro Estado;True
819;19;1020,41;Outros;Vespertino;1;True;True;2024-12-24;Mesma Cidade;False
820;23;1258,16;Outros;Noturno;1;False;True;2024-11-24;Mesma Cidade;True
821;22;1263,24;Administração;Noturno;3;False;False;2024-10-01;Outro Estado;True
822;23;800,0;Direito;Noturno;2;False;True;2024-09-21;Interior Estado;True
823;21;1410,64;Outros;Noturno;5;False;True;2024-12-24;Interior Estado;True
824;24;800,0;Engenharia;Noturno;5;False;True;2024-09-20;Mesma Cidade;True
825;20;800,0;Direito;Noturno;2;True;True;2024-02-16;Interior Estado;False
826;24;2388,14;Ciência da Computação;Integral;1;False;True;2024-09-02;Interior Estado;False
827;29;1695,24;Psicologia;Matutino;2;False;False;2024-08-14;Outro Estado;True
828;19;1218,98;Arquitetura;Vespertino;1;False;False;2024-10-19;Interior Estado;True
829;23;800,0;Outros;Noturno;1;False;True;2024-04-03;Outro Estado;False
830;23;1582,38;Medicina;Noturno;1;False;False;2024-03-24;Mesma Cidade;True
831;21;1359,81;Psicologia;Noturno;3;False;True;2024-03-16;Outro Estado;True
832;21;1357,35;Direito;Vespertino;3;True;True;2024-10-28;Interior Estado;False
833;24;800,0;Medicina;Integral;1;False;True;2024-02-18;Mesma Cidade;True
834;18;1266,38;Outros;Vespertino;3;False;True;2024-11-12;Mesma Cidade;True
835;22;2279,6;Administração;Matutino;2;False;False;2024-11-04;Mesma Cidade;False
836;26;1738,04;Outros;Integral;3;True;True;2024-07-04;Interior Estado;True
837;22;1105,02;Engenharia;Noturno;2;False;False;2024-10-01;Interior Estado;True
838;27;800,0;Administração;Matutino;2;True;True;2024-11-29;Outro Estado;True
839;26;1374,34;Arquitetura;Noturno;3;False;True;2024-01-30;Outro Estado;True
840;29;1416,41;Ciência da Computação;Integral;1;True;True;2024-02-18;Outro Estado;True
841;20;2980,99;Administração;Noturno;3;False;False;2024-11-18;Interior Estado;False
842;20;1608,17;Engenharia;Noturno;5;True;True;2024-05-02;Mesma Cidade;True
843;19;4000,0;Outros;Vespertino;3;False;True;2024-06-30;Interior Estado;True
844;21;2195,34;Medicina;Matutino;4;False;True;2024-01-02;Interior Estado;False
845;17;1863,44;Medicina;Matutino;2;False;True;2024-09-18;Outro Estado;True
846;26;3905,17;Outros;Matutino;2;False;False;2024-10-17;Mesma Cidade;True
847;19;2335,01;Outros;Vespertino;2;False;False;2024-09-17;Mesma Cidade;True
848;28;2148,76;Outros;Noturno;4;False;True;2024-11-14;Mesma Cidade;True
849;20;2326,37;Psicologia;Integral;1;False;True;2024-01-24;Interior Estado;False
850;24;1483,26;Outros;Noturno;3;False;False;2024-02-07;Outro Estado;True
851;19;800,0;Engenharia;Matutino;4;True;True;2024-09-28;Mesma Cidade;False
852;23;800,0;Engenharia;Matutino;3;True;True;2024-12-30;Outro Estado;False
853;22;902,43;Medicina;Integral;4;False;True;2024-12-20;Outro Estado;False
854;20;1772,29;Arquitetura;Matutino;3;True;True;2024-02-09;Interior Estado;True
855;24;831,93;Engenharia;Noturno;4;False;True;2024-06-11;Interior Estado;False
856;26;1457,0;Ciência da Computação;Matutino;2;False;True;2024-10-29;Outro Estado;True
857;20;1634,85;Psicologia;Matutino;3;False;True;2024-02-19;Outro Estado;True
858;21;1916,73;Direito;Matutino;2;True;False;2024-03-12;Outro Estado;True
859;20;1772,84;Outros;Matutino;3;True;False;2024-05-09;Mesma Cidade;True
860;18;1684,37;Psicologia;Matutino;5;False;True;2024-07-10;Interior Estado;True
861;23;1580,68;Engenharia;Noturno;4;False;True;2024-06-13;Interior Estado;True
862;26;4000,0;Engenharia;Integral;5;False;True;2024-05-29;Mesma Cidade;True
863;21;3400,49;Medicina;Integral;1;False;True;2024-08-22;Interior Estado;True
864;25;1302,6;Engenharia;Noturno;2;False;True;2024-11-17;Interior Estado;True
865;19;2553,04;Outros;Integral;1;False;True;2024-03-10;Mesma Cidade;False
866;25;800,0;Direito;Integral;2;True;True;2024-07-11;Interior Estado;True
867;25;3804,59;Engenharia;Noturno;3;False;False;2024-01-15;Interior Estado;True
868;18;800,0;Outros;Vespertino;5;False;False;2024-03-11;Mesma Cidade;False
869;27;800,0;Direito;Noturno;4;True;True;2024-04-25;Interior Estado;False
870;25;1217,42;Outros;Integral;3;False;True;2024-06-17;Mesma Cidade;True
871;23;943,33;Administração;Noturno;1;False;False;2024-11-10;Mesma Cidade;False
872;22;2038,7;Medicina;Integral;2;True;True;2024-04-20;Outro Estado;True
873;27;2227,3;Outros;Integral;4;False;True;2024-07-12;Mesma Cidade;True
874;20;800,0;Outros;Integral;3;False;False;2024-01-09;Mesma Cidade;False
875;20;800,0;Direito;Vespertino;3;False;True;2024-04-19;Interior Estado;True
876;27;3934,8;Medicina;Noturno;5;False;True;2024-04-01;Interior Estado;True
877;23;1303,06;Outros;Integral;3;True;False;2024-09-04;Interior Estado;True
878;29;972,73;Direito;Noturno;4;True;False;2024-04-25;Mesma Cidade;True
879;29;1929,21;Administração;Matutino;1;True;True;2024-07-18;Interior Estado;True
880;21;1085,86;Outros;Noturno;1;False;False;2024-12-09;Mesma Cidade;True
881;20;800,0;Administração;Matutino;3;True;True;2024-09-14;Mesma Cidade;False
882;19;986,23;Medicina;Matutino;5;False;False;2024-09-08;Mesma Cidade;True
883;29;1035,08;Outros;Integral;3;True;False;2024-11-03;Mesma Cidade;True
884;18;1968,33;Direito;Vespertino;1;False;False;2024-12-03;Outro Estado;True
885;25;921,34;Outros;Integral;3;True;True;2024-12-15;Mesma Cidade;True
886;21;1527,27;Administração;Vespertino;2;True;True;2024-11-13;Interior Estado;True
887;21;2765,34;Direito;Matutino;3;False;True;2024-08-27;Interior Estado;True
888;22;934,86;Engenharia;Noturno;2;False;True;2024-08-14;Interior Estado;False
889;29;1572,01;Medicina;Integral;5;False;True;2024-11-18;Interior Estado;True
890;25;1771,8;Arquitetura;Vespertino;1;False;True;2024-07-30;Interior Estado;True
891;22;1102,38;Ciência da Computação;Integral;2;False;True;2024-12-14;Mesma Cidade;True
892;22;3472,29;Engenharia;Noturno;1;False;True;2024-11-16;Mesma Cidade;False
893;21;800,0;Engenharia;Noturno;5;False;True;2024-08-21;Outro Estado;True
894;21;800,0;Outros;Integral;1;False;True;2024-07-20;Mesma Cidade;False
895;25;1318,16;Engenharia;Noturno;4;False;True;2024-04-03;Mesma Cidade;True
896;21;2615,06;Arquitetura;Matutino;3;False;True;2024-11-01;Mesma Cidade;False
897;29;1395,51;Direito;Vespertino;2;False;False;2024-08-15;Outro Estado;True
898;21;1548,98;Direito;Noturno;4;True;False;2024-12-22;Interior Estado;True
899;23;813,82;Arquitetura;Noturno;2;False;True;2024-12-30;Outro Estado;True
900;20;3231,66;Outros;Matutino;1;False;False;2024-06-07;Interior Estado;True
901;23;1708,84;Outros;Noturno;1;False;True;2024-02-15;Mesma Cidade;True
902;25;1669,26;Engenharia;Noturno;1;False;True;2024-05-22;Interior Estado;False
903;23;1366,14;Direito;Matutino;2;True;False;2024-10-06;Outro Estado;False
904;22;800,0;Psicologia;Noturno;5;False;False;2024-07-23;Interior Estado;True
905;19;1621,28;Direito;Integral;5;True;False;2024-04-27;Interior Estado;True
906;20;800,0;Outros;Matutino;4;True;True;2024-10-23;Mesma Cidade;True
907;19;1878,79;Psicologia;Matutino;5;False;False;2024-03-04;Interior Estado;True
908;21;800,0;Outros;Matutino;4;False;True;2024-10-15;Interior Estado;False
909;22;1402,8;Administração;Vespertino;3;True;False;2024-06-29;Outro Estado;True
910;18;1437,73;Ciência da Computação;Noturno;2;False;False;2024-10-11;Mesma Cidade;False
911;27;1975,24;Ciência da Computação;Matutino;4;False;True;2024-02-27;Mesma Cidade;False
912;20;1282,94;Psicologia;Integral;1;True;True;2024-03-18;Interior Estado;True
913;21;2621,59;Engenharia;Noturno;3;False;True;2024-09-20;Outro Estado;True
914;18;800,0;Engenharia;Matutino;2;False;True;2024-08-14;Outro Estado;True
915;21;1105,08;Direito;Integral;3;False;False;2024-03-25;Interior Estado;True
916;29;930,92;Engenharia;Matutino;2;True;True;2024-03-25;Outro Estado;False
917;26;2396,43;Administração;Matutino;5;False;True;2024-08-28;Interior Estado;True
918;17;933,87;Outros;Vespertino;4;False;False;2024-11-08;Mesma Cidade;False
919;21;1000,39;Direito;Noturno;3;False;True;2024-07-26;Interior Estado;True
920;29;2822,83;Ciência da Computação;Noturno;1;False;True;2024-12-02;Mesma Cidade;True
921;24;1901,87;Outros;Integral;3;False;False;2024-06-08;Interior Estado;True
922;20;800,0;Ciência da Computação;Noturno;5;False;True;2024-10-13;Outro Estado;True
923;17;2419,25;Ciência da Computação;Vespertino;2;False;False;2024-05-30;Mesma Cidade;False
924;21;1244,43;Engenharia;Matutino;5;True;True;2024-03-15;Mesma Cidade;True
925;17;1527,53;Administração;Integral;5;True;True;2024-06-13;Mesma Cidade;True
926;25;1539,38;Direito;Noturno;5;False;True;2024-11-01;Mesma Cidade;True
927;18;1203,71;Engenharia;Matutino;2;True;False;2024-04-21;Outro Estado;True
928;21;2901,32;Administração;Noturno;2;False;True;2024-04-15;Interior Estado;True
929;22;1794,54;Medicina;Vespertino;1;True;True;2024-06-25;Mesma Cidade;True
930;26;2841,1;Ciência da Computação;Vespertino;3;False;True;2024-10-07;Interior Estado;False
931;17;2596,85;Engenharia;Noturno;5;False;True;2024-12-09;Mesma Cidade;True
932;20;2424,58;Medicina;Noturno;1;True;True;2024-10-24;Interior Estado;True
933;18;1882,76;Outros;Noturno;2;False;True;2024-03-31;Outro Estado;True
934;20;1140,1;Outros;Integral;1;False;True;2024-09-07;Interior Estado;True
935;23;2868,74;Administração;Matutino;1;False;False;2024-10-22;Outro Estado;False
936;23;1700,1;Ciência da Computação;Noturno;4;False;True;2024-07-20;Outro Estado;True
937;28;1672,03;Direito;Integral;1;False;True;2024-09-21;Interior Estado;True
938;18;800,0;Engenharia;Vespertino;3;False;True;2024-10-31;Mesma Cidade;False
939;17;1869,33;Outros;Matutino;2;False;True;2024-08-28;Interior Estado;False
940;27;3236,04;Arquitetura;Noturno;2;True;False;2024-04-28;Mesma Cidade;False
941;18;1146,95;Direito;Matutino;2;True;True;2024-02-05;Interior Estado;True
942;25;800,0;Ciência da Computação;Matutino;5;True;False;2024-12-05;Interior Estado;False
943;19;4000,0;Administração;Integral;2;False;True;2024-03-01;Interior Estado;True
944;21;834,37;Outros;Matutino;3;False;True;2024-02-22;Mesma Cidade;False
945;25;800,0;Medicina;Integral;3;False;True;2024-05-18;Outro Estado;True
946;22;1889,26;Administração;Vespertino;4;False;False;2024-02-22;Interior Estado;False
947;23;4000,0;Medicina;Matutino;5;True;False;2024-10-12;Interior Estado;True
948;24;800,0;Arquitetura;Integral;2;False;True;2024-10-09;Outro Estado;False
949;22;1094,32;Outros;Noturno;5;False;False;2024-03-20;Outro Estado;True
950;23;1842,7;Direito;Matutino;3;True;True;2024-10-18;Mesma Cidade;True
951;18;800,0;Direito;Integral;5;False;False;2024-03-25;Outro Estado;True
952;18;3536,14;Administração;Noturno;4;False;True;2024-05-15;Interior Estado;True
953;22;800,0;Outros;Noturno;5;False;False;2024-01-16;Interior Estado;True
954;21;2129,64;Administração;Matutino;1;False;True;2024-01-27;Interior Estado;True
955;17;2174,93;Direito;Matutino;1;True;True;2024-06-03;Interior Estado;True
956;21;800,0;Ciência da Computação;Vespertino;4;False;True;2024-07-26;Mesma Cidade;True
957;19;800,0;Arquitetura;Integral;2;False;False;2024-10-17;Outro Estado;True
958;22;941,91;Ciência da Computação;Matutino;2;False;False;2024-12-04;Interior Estado;True
959;25;1356,94;Engenharia;Matutino;4;False;True;2024-01-18;Interior Estado;True
960;24;2174,16;Administração;Noturno;5;False;True;2024-11-04;Mesma Cidade;True
961;29;1747,62;Medicina;Noturno;5;False;False;2024-12-15;Interior Estado;True
962;24;4000,0;Direito;Integral;4;False;True;2024-12-08;Outro Estado;True
963;23;2600,33;Outros;Matutino;1;False;True;2024-10-09;Mesma Cidade;True
964;20;1302,11;Ciência da Computação;Matutino;4;False;True;2024-01-25;Mesma Cidade;False
965;27;4000,0;Direito;Noturno;3;False;False;2024-11-28;Outro Estado;True
966;17;2078,85;Outros;Vespertino;1;False;True;2024-07-10;Interior Estado;True
967;21;1505,73;Ciência da Computação;Matutino;2;False;True;2024-06-16;Outro Estado;True
968;21;1138,41;Administração;Noturno;3;False;True;2024-06-28;Interior Estado;True
969;20;2191,49;Medicina;Matutino;3;True;True;2024-11-08;Interior Estado;False
970;17;800,0;Direito;Matutino;5;False;True;2024-01-24;Interior Estado;True
971;20;2170,68;Outros;Integral;5;False;False;2024-12-16;Interior Estado;True
972;23;804,26;Administração;Noturno;1;False;False;2024-01-19;Interior Estado;True
973;25;1453,74;Outros;Vespertino;5;False;False;2024-03-09;Outro Estado;True
974;21;1766,61;Outros;Noturno;2;False;True;2024-10-07;Interior Estado;True
975;27;2707,61;Engenharia;Matutino;2;False;True;2024-01-20;Outro Estado;False
976;20;2036,67;Psicologia;Matutino;5;False;False;2024-07-09;Interior Estado;True
977;27;1402,94;Engenharia;Matutino;2;True;True;2024-07-21;Interior Estado;True
978;21;1718,19;Ciência da Computação;Integral;5;False;False;2024-08-11;Interior Estado;True
979;24;2573,69;Outros;Vespertino;5;False;False;2024-08-16;Mesma Cidade;True
980;20;4000,0;Ciência da Computação;Vespertino;2;False;True;2024-08-06;Outro Estado;True
981;22;2035,29;Psicologia;Integral;1;False;False;2024-09-20;Mesma Cidade;True
982;26;980,78;Direito;Noturno;3;True;False;2024-01-20;Outro Estado;False
983;24;1730,21;Direito;Vespertino;3;False;True;2024-04-30;Interior Estado;True
984;23;800,0;Ciência da Computação;Noturno;4;False;True;2024-05-16;Outro Estado;True
985;24;800,0;Outros;Matutino;4;True;True;2024-12-20;Outro Estado;True
986;25;833,26;Engenharia;Vespertino;2;True;False;2024-04-09;Outro Estado;True
987;17;3258,83;Engenharia;Integral;4;False;True;2024-03-11;Mesma Cidade;False
988;22;800,0;Ciência da Computação;Vespertino;4;False;False;2024-07-23;Outro Estado;True
989;25;968,55;Ciência da Computação;Noturno;3;True;True;2024-11-28;Mesma Cidade;True
990;17;2778,1;Outros;Integral;4;False;True;2024-07-05;Interior Estado;True
991;18;800,0;Direito;Integral;5;False;False;2024-07-07;Outro Estado;False
992;28;2586,24;Medicina;Noturno;2;False;False;2024-01-22;Mesma Cidade;False
993;22;1534,36;Engenharia;Integral;2;True;True;2024-09-06;Mesma Cidade;True
994;20;810,25;Administração;Vespertino;1;False;False;2024-04-30;Outro Estado;True
995;22;888,69;Direito;Noturno;3;True;False;2024-12-30;Interior Estado;True
996;23;809,67;Medicina;Noturno;3;True;True;2024-05-12;Interior Estado;True
997;24;800,0;Arquitetura;Matutino;3;False;False;2024-05-14;Outro Estado;True
998;27;1054,35;Administração;Vespertino;3;True;True;2024-05-04;Interior Estado;True
999;27;800,0;Medicina;Noturno;1;False;True;2024-09-21;Interior Estado;True
1000;19;1799,31;Medicina;Integral;1;False;True;2024-07-24;Outro Estado;True
1001;20;2334,57;Psicologia;Matutino;5;False;False;2024-12-04;Mesma Cidade;True
1002;20;2318,79;Administração;Matutino;2;False;True;2024-07-10;Interior Estado;True
1003;24;1298,27;Engenharia;Matutino;3;False;True;2024-04-06;Outro Estado;True
1004;24;949,18;Administração;Integral;1;False;True;2024-01-19;Outro Estado;False
1005;23;800,0;Direito;Matutino;5;False;True;2024-03-31;Mesma Cidade;True
1006;20;1215,01;Ciência da Computação;Vespertino;3;False;False;2024-01-05;Outro Estado;False
1007;27;1327,34;Medicina;Integral;2;False;False;2024-08-21;Mesma Cidade;True
1008;24;1633,8;Engenharia;Vespertino;1;True;False;2024-12-31;Outro Estado;True
1009;18;1368,88;Outros;Noturno;1;False;True;2024-11-06;Mesma Cidade;True
1010;17;2209,2;Outros;Matutino;2;False;True;2024-10-30;Mesma Cidade;True
1011;20;2019,72;Psicologia;Noturno;1;False;False;2024-01-03;Outro Estado;True
1012;18;2532,14;Outros;Integral;1;False;True;2024-10-17;Mesma Cidade;True
1013;25;800,0;Direito;Integral;5;False;False;2024-06-29;Outro Estado;True
1014;24;2444,16;Outros;Noturno;5;False;False;2024-09-16;Outro Estado;False
1015;21;1467,58;Direito;Vespertino;3;False;False;2024-12-01;Outro Estado;True
1016;21;960,71;Administração;Noturno;3;True;True;2024-07-30;Outro Estado;False
1017;25;1876,08;Ciência da Computação;Vespertino;5;False;False;2024-07-02;Interior Estado;True
1018;20;840,17;Direito;Vespertino;2;False;True;2024-04-22;Mesma Cidade;True
1019;24;2001,88;Psicologia;Vespertino;1;False;True;2024-09-28;Interior Estado;False
1020;21;3254,06;Engenharia;Integral;3;True;False;2024-06-30;Interior Estado;True
1021;29;1226,27;Administração;Integral;1;False;True;2024-06-16;Mesma Cidade;False
1022;24;2691,99;Administração;Vespertino;4;False;False;2024-05-11;Interior Estado;False
1023;25;800,0;Ciência da Computação;Matutino;4;False;False;2024-07-05;Interior Estado;True
1024;25;2022,44;Direito;Integral;1;True;False;2024-02-12;Interior Estado;True
1025;18;2790,53;Direito;Noturno;3;False;False;2024-07-02;Mesma Cidade;False
1026;19;1499,74;Direito;Vespertino;1;True;True;2024-11-05;Mesma Cidade;False
1027;18;1469,48;Ciência da Computação;Integral;3;False;True;2024-01-20;Interior Estado;True
1028;23;800,0;Outros;Noturno;1;False;False;2024-03-09;Mesma Cidade;True
1029;17;1860,6;Medicina;Noturno;3;False;True;2024-10-26;Interior Estado;True
1030;21;1329,2;Ciência da Computação;Integral;5;False;True;2024-05-31;Mesma Cidade;True
1031;27;2171,17;Outros;Matutino;4;False;True;2024-06-24;Interior Estado;True
1032;28;1976,18;Administração;Vespertino;5;True;True;2024-08-15;Interior Estado;True
1033;23;1565,79;Administração;Noturno;1;False;True;2024-03-26;Interior Estado;True
1034;21;1259,85;Engenharia;Noturno;2;False;False;2024-08-24;Outro Estado;True
1035;24;3063,76;Psicologia;Vespertino;5;False;True;2024-05-30;Interior Estado;True
1036;17;2251,78;Medicina;Integral;3;True;True;2024-02-12;Outro Estado;False
1037;19;3921,31;Ciência da Computação;Matutino;2;False;True;2024-10-09;Outro Estado;True
1038;23;1230,5;Direito;Vespertino;5;False;True;2024-08-16;Interior Estado;True
1039;20;2178,55;Engenharia;Matutino;3;False;False;2024-11-03;Interior Estado;True
1040;25;819,39;Arquitetura;Noturno;5;False;True;2024-09-20;Mesma Cidade;False
1041;28;3638,01;Direito;Vespertino;5;True;True;2024-10-21;Mesma Cidade;True
1042;28;980,27;Medicina;Matutino;1;True;False;2024-09-12;Mesma Cidade;True
1043;25;800,0;Engenharia;Noturno;1;False;False;2024-10-27;Outro Estado;True
1044;22;1087,65;Ciência da Computação;Integral;3;False;False;2024-03-30;Interior Estado;True
1045;20;1228,65;Engenharia;Noturno;3;False;True;2024-02-12;Outro Estado;True
1046;22;2241,26;Medicina;Noturno;5;False;True;2024-11-20;Outro Estado;True
1047;29;2824,65;Engenharia;Noturno;2;False;True;2024-01-10;Outro Estado;True
1048;21;1385,77;Outros;Vespertino;2;False;True;2024-11-03;Mesma Cidade;True
1049;20;800,0;Engenharia;Vespertino;5;True;True;2024-04-26;Mesma Cidade;False
1050;20;2553,15;Administração;Noturno;5;True;True;2024-10-21;Mesma Cidade;True
1051;26;1861,04;Outros;Vespertino;4;False;True;2024-10-14;Interior Estado;False
1052;17;1249,75;Outros;Noturno;3;False;True;2024-12-07;Interior Estado;True
1053;21;875,98;Psicologia;Vespertino;3;False;True;2024-03-13;Interior Estado;False
1054;21;1262,37;Ciência da Computação;Vespertino;5;False;True;2024-07-06;Interior Estado;True
1055;18;800,0;Administração;Integral;1;False;True;2024-07-05;Interior Estado;True
1056;27;2066,53;Direito;Vespertino;5;True;True;2024-10-28;Interior Estado;True
1057;18;1468,29;Direito;Integral;5;True;False;2024-05-11;Mesma Cidade;True
1058;20;1266,53;Medicina;Integral;1;False;True;2024-11-30;Mesma Cidade;True
1059;19;1176,32;Administração;Matutino;2;False;False;2024-08-05;Mesma Cidade;True
1060;28;1225,06;Administração;Noturno;2;False;True;2024-02-17;Interior Estado;True
1061;19;1936,08;Ciência da Computação;Matutino;4;False;True;2024-10-26;Mesma Cidade;True
1062;21;1075,05;Psicologia;Matutino;2;False;True;2024-05-19;Mesma Cidade;True
1063;19;800,0;Medicina;Matutino;3;False;True;2024-03-10;Outro Estado;True
1064;20;1536,88;Outros;Noturno;3;False;False;2024-10-20;Interior Estado;True
1065;24;1843,68;Arquitetura;Integral;1;False;True;2024-12-27;Mesma Cidade;True
1066;22;1799,89;Outros;Matutino;2;True;True;2024-05-24;Outro Estado;True
1067;19;2576,64;Administração;Vespertino;3;False;True;2024-09-22;Outro Estado;True
1068;28;1602,97;Administração;Noturno;1;False;False;2024-09-03;Interior Estado;True
1069;23;800,0;Administração;Vespertino;1;False;True;2024-09-17;Mesma Cidade;True
1070;24;1211,76;Direito;Matutino;5;True;True;2024-09-09;Mesma Cidade;False
1071;20;1304,64;Outros;Integral;2;True;True;2024-01-02;Outro Estado;False
1072;22;957,78;Direito;Noturno;1;False;True;2024-06-04;Outro Estado;True
1073;22;1777,47;Direito;Noturno;2;True;False;2024-08-23;Outro Estado;True
1074;23;2003,3;Engenharia;Vespertino;3;False;False;2024-05-12;Interior Estado;True
1075;25;800,0;Psicologia;Noturno;1;False;True;2024-01-02;Interior Estado;True
1076;27;800,0;Ciência da Computação;Noturno;5;True;False;2024-02-25;Outro Estado;True
1077;28;966,92;Arquitetura;Vespertino;2;True;True;2024-12-13;Mesma Cidade;False
1078;20;843,41;Psicologia;Noturno;1;False;True;2024-02-15;Interior Estado;True
1079;19;815,38;Engenharia;Vespertino;3;False;True;2024-12-30;Mesma Cidade;True
1080;29;800,0;Psicologia;Noturno;3;True;False;2024-03-27;Mesma Cidade;False
1081;26;1726,02;Direito;Matutino;3;False;True;2024-12-03;Interior Estado;True
1082;25;1658,91;Arquitetura;Vespertino;2;False;True;2024-12-25;Interior Estado;False
1083;21;800,0;Outros;Vespertino;2;False;False;2024-01-04;Outro Estado;True
1084;24;2406,89;Outros;Matutino;3;False;True;2024-05-03;Interior Estado;True
1085;26;936,29;Engenharia;Noturno;1;False;True;2024-10-14;Mesma Cidade;False
1086;29;2168,0;Administração;Noturno;2;False;False;2024-03-24;Mesma Cidade;True
1087;23;800,0;Psicologia;Noturno;2;False;True;2024-02-01;Mesma Cidade;False
1088;23;800,0;Administração;Integral;2;False;True;2024-12-05;Interior Estado;True
1089;18;1389,8;Direito;Noturno;1;True;False;2024-02-12;Interior Estado;False
1090;21;1609,66;Outros;Integral;4;False;True;2024-03-12;Interior Estado;True
1091;20;950,03;Outros;Integral;5;False;True;2024-03-18;Interior Estado;False
1092;23;800,0;Outros;Vespertino;1;False;False;2024-03-11;Outro Estado;True
1093;23;1367,92;Medicina;Noturno;2;True;True;2024-04-10;Outro Estado;False
1094;23;1450,23;Medicina;Matutino;3;True;False;2024-06-09;Mesma Cidade;True
1095;27;942,8;Direito;Noturno;2;False;True;2024-01-18;Outro Estado;True
1096;21;2922,81;Outros;Integral;2;False;False;2024-07-23;Interior Estado;True
1097;21;1786,49;Engenharia;Matutino;4;False;True;2024-11-05;Outro Estado;True
1098;21;800,0;Medicina;Noturno;1;False;True;2024-08-23;Interior Estado;False
1099;18;1353,04;Administração;Noturno;2;False;True;2024-03-26;Interior Estado;True
1100;22;2167,41;Ciência da Computação;Noturno;5;False;True;2024-06-18;Outro Estado;True
1101;17;1157,04;Engenharia;Integral;3;False;True;2024-11-12;Outro Estado;True
1102;20;894,01;Administração;Noturno;1;False;True;2024-09-07;Mesma Cidade;True
1103;21;1037,02;Administração;Noturno;3;False;False;2024-12-24;Mesma Cidade;True
1104;21;800,0;Outros;Vespertino;1;False;False;2024-12-16;Outro Estado;True
1105;19;1114,47;Direito;Matutino;4;True;False;2024-03-08;Outro Estado;True
1106;28;800,0;Administração;Matutino;1;True;True;2024-08-29;Outro Estado;False
1107;18;2521,76;Direito;Matutino;1;False;False;2024-04-05;Outro Estado;False
1108;22;1637,94;Engenharia;Noturno;2;False;True;2024-06-19;Interior Estado;True
1109;22;4000,0;Administração;Vespertino;2;False;True;2024-02-07;Interior Estado;True
1110;26;4000,0;Engenharia;Matutino;2;False;False;2024-05-26;Mesma Cidade;True
1111;24;1227,16;Ciência da Computação;Vespertino;3;False;False;2024-01-03;Outro Estado;True
1112;23;2741,86;Outros;Noturno;1;True;True;2024-12-05;Mesma Cidade;True
1113;27;800,0;Outros;Noturno;1;False;True;2024-12-22;Outro Estado;True
1114;21;1926,8;Outros;Vespertino;3;False;True;2024-09-09;Mesma Cidade;True
1115;29;800,0;Administração;Noturno;3;True;True;2024-07-17;Mesma Cidade;True
1116;18;950,86;Outros;Vespertino;2;True;True;2024-12-11;Mesma Cidade;True
1117;25;1188,72;Engenharia;Integral;1;False;False;2024-05-19;Outro Estado;False
1118;26;1749,79;Ciência da Computação;Noturno;5;False;False;2024-10-08;Mesma Cidade;True
1119;21;995,27;Engenharia;Matutino;4;False;True;2024-07-16;Mesma Cidade;True
1120;21;800,0;Arquitetura;Vespertino;1;False;False;2024-02-17;Mesma Cidade;False
1121;29;921,12;Psicologia;Noturno;1;False;True;2024-05-20;Interior Estado;False
1122;20;800,0;Engenharia;Noturno;1;False;False;2024-12-01;Outro Estado;True
1123;23;2297,95;Engenharia;Matutino;1;True;True;2024-05-08;Mesma Cidade;True
1124;23;800,0;Arquitetura;Vespertino;5;False;True;2024-03-15;Interior Estado;True
1125;25;2726,34;Outros;Integral;3;True;True;2024-04-15;Outro Estado;True
1126;18;1036,19;Direito;Matutino;3;False;True;2024-01-13;Interior Estado;True
1127;18;950,18;Psicologia;Matutino;3;True;False;2024-01-18;Interior Estado;True
1128;20;1637,69;Outros;Matutino;2;False;False;2024-12-01;Mesma Cidade;True
1129;21;1033,59;Ciência da Computação;Noturno;2;False;False;2024-06-06;Interior Estado;True
1130;23;1181,33;Psicologia;Noturno;1;False;True;2024-05-17;Interior Estado;True
1131;21;2581,47;Administração;Vespertino;5;True;True;2024-05-16;Interior Estado;True
1132;25;800,0;Arquitetura;Vespertino;3;False;True;2024-05-05;Mesma Cidade;False
1133;26;978,05;Medicina;Vespertino;5;False;True;2024-04-16;Interior Estado;True
1134;23;1517,9;Ciência da Computação;Integral;4;False;True;2024-04-02;Interior Estado;True
1135;20;1886,22;Engenharia;Matutino;3;False;False;2024-08-17;Interior Estado;True
1136;27;1080,78;Engenharia;Noturno;1;False;True;2024-05-26;Mesma Cidade;True
1137;27;1664,59;Ciência da Computação;Vespertino;4;False;True;2024-08-04;Outro Estado;True
1138;24;1097,91;Direito;Matutino;3;False;True;2024-06-06;Mesma Cidade;True
1139;22;872,24;Administração;Integral;5;False;False;2024-08-14;Mesma Cidade;True
1140;25;1649,37;Outros;Noturno;1;False;False;2024-12-04;Interior Estado;True
1141;21;800,0;Engenharia;Matutino;1;False;True;2024-01-19;Mesma Cidade;False
1142;17;800,0;Administração;Noturno;2;False;True;2024-01-15;Interior Estado;True
1143;20;1621,13;Direito;Matutino;1;True;True;2024-10-20;Mesma Cidade;True
1144;23;1091,8;Direito;Noturno;4;False;True;2024-09-03;Interior Estado;True
1145;20;1712,05;Ciência da Computação;Vespertino;3;False;True;2024-01-26;Mesma Cidade;True
1146;21;800,0;Outros;Matutino;4;False;True;2024-01-30;Interior Estado;True
1147;23;2208,76;Outros;Noturno;5;False;True;2024-01-30;Mesma Cidade;True
1148;20;813,81;Direito;Vespertino;5;False;False;2024-05-20;Mesma Cidade;True
1149;26;1777,72;Administração;Integral;1;False;False;2024-03-17;Outro Estado;True
1150;21;1875,16;Arquitetura;Matutino;1;False;True;2024-06-27;Interior Estado;True
1151;19;812,65;Administração;Noturno;1;False;True;2024-09-25;Mesma Cidade;True
1152;23;3708,47;Direito;Matutino;1;False;True;2024-05-08;Interior Estado;False
1153;24;1842,47;Administração;Noturno;1;True;False;2024-01-01;Mesma Cidade;False
1154;27;1680,35;Outros;Vespertino;1;False;True;2024-03-12;Interior Estado;True
1155;18;800,0;Ciência da Computação;Vespertino;3;False;False;2024-12-13;Interior Estado;True
1156;22;4000,0;Outros;Vespertino;2;False;False;2024-10-08;Interior Estado;True
1157;22;800,0;Outros;Vespertino;2;False;False;2024-01-06;Interior Estado;False
1158;22;1259,92;Engenharia;Matutino;2;False;True;2024-01-19;Interior Estado;True
1159;21;1900,15;Outros;Integral;1;True;True;2024-10-28;Outro Estado;True
1160;20;3155,72;Outros;Integral;2;False;True;2024-10-15;Interior Estado;True
1161;22;800,0;Ciência da Computação;Matutino;1;True;True;2024-12-02;Interior Estado;False
1162;17;1923,93;Administração;Noturno;1;False;True;2024-07-17;Outro Estado;True
1163;25;2745,86;Administração;Matutino;3;False;True;2024-03-15;Mesma Cidade;True
1164;28;1817,21;Direito;Integral;2;False;False;2024-07-01;Interior Estado;False
1165;27;1092,13;Engenharia;Noturno;1;False;False;2024-03-01;Mesma Cidade;True
1166;22;966,96;Ciência da Computação;Noturno;4;True;True;2024-07-06;Outro Estado;True
1167;21;1676,0;Medicina;Noturno;2;False;True;2024-02-18;Outro Estado;True
1168;21;2963,58;Direito;Noturno;1;True;False;2024-05-10;Outro Estado;True
1169;22;1528,14;Arquitetura;Noturno;2;False;False;2024-04-29;Mesma Cidade;True
1170;24;4000,0;Medicina;Matutino;4;False;True;2024-04-16;Mesma Cidade;True
1171;22;2024,28;Psicologia;Noturno;5;False;False;2024-05-19;Outro Estado;False
1172;28;2456,58;Arquitetura;Matutino;5;False;True;2024-03-23;Outro Estado;False
1173;24;1042,87;Direito;Vespertino;3;False;False;2024-04-25;Outro Estado;False
1174;25;864,64;Outros;Vespertino;3;False;True;2024-08-15;Mesma Cidade;False
1175;29;1039,06;Administração;Noturno;5;False;True;2024-10-15;Interior Estado;False
1176;20;853,45;Arquitetura;Vespertino;3;False;True;2024-03-24;Interior Estado;True
1177;25;4000,0;Outros;Integral;4;False;True;2024-11-05;Outro Estado;True
1178;23;2651,05;Direito;Vespertino;1;False;True;2024-07-21;Interior Estado;True
1179;23;2368,31;Outros;Matutino;5;False;True;2024-10-24;Interior Estado;True
1180;21;800,0;Engenharia;Integral;4;False;False;2024-07-17;Mesma Cidade;True
1181;21;4000,0;Ciência da Computação;Matutino;1;False;True;2024-06-24;Mesma Cidade;True
1182;25;1020,62;Engenharia;Noturno;1;True;True;2024-01-29;Interior Estado;True
1183;28;2042,36;Engenharia;Vespertino;1;True;True;2024-06-29;Mesma Cidade;True
1184;22;1029,33;Psicologia;Noturno;2;True;True;2024-08-19;Outro Estado;False
1185;24;1227,63;Psicologia;Matutino;3;True;True;2024-03-06;Outro Estado;True
1186;27;1282,93;Arquitetura;Noturno;1;False;False;2024-11-15;Mesma Cidade;True
1187;19;1415,8;Arquitetura;Noturno;1;False;True;2024-05-01;Mesma Cidade;True
1188;27;4000,0;Medicina;Integral;2;False;True;2024-08-15;Mesma Cidade;True
1189;19;1021,91;Outros;Vespertino;3;False;True;2024-01-28;Interior Estado;False
1190;22;892,31;Outros;Noturno;4;True;False;2024-05-29;Outro Estado;True
1191;24;3854,54;Medicina;Matutino;5;False;True;2024-02-13;Mesma Cidade;True
1192;20;2006,72;Administração;Matutino;1;False;True;2024-06-01;Interior Estado;False
1193;28;2003,83;Administração;Integral;5;False;False;2024-09-28;Interior Estado;True
1194;17;4000,0;Administração;Matutino;1;False;True;2024-02-25;Outro Estado;True
1195;21;958,5;Arquitetura;Noturno;3;False;True;2024-02-29;Interior Estado;True
1196;21;1645,47;Outros;Matutino;5;True;False;2024-03-05;Interior Estado;True
1197;21;800,0;Outros;Matutino;4;False;False;2024-02-05;Mesma Cidade;False
1198;20;1020,52;Engenharia;Vespertino;4;False;True;2024-08-29;Mesma Cidade;True
1199;28;1672,43;Medicina;Matutino;3;False;False;2024-12-03;Interior Estado;True
1200;25;1979,88;Administração;Matutino;5;False;True;2024-12-04;Outro Estado;True
1201;29;1902,32;Outros;Noturno;1;True;True;2024-11-27;Outro Estado;True
1202;22;3371,23;Outros;Vespertino;1;False;False;2024-01-10;Interior Estado;True
1203;24;3430,84;Engenharia;Integral;1;False;False;2024-09-18;Mesma Cidade;True
1204;25;1126,97;Engenharia;Integral;5;False;True;2024-04-08;Interior Estado;False
1205;25;800,0;Arquitetura;Noturno;5;False;True;2024-05-04;Interior Estado;True
1206;22;800,0;Administração;Vespertino;3;True;True;2024-04-11;Mesma Cidade;False
1207;21;810,66;Direito;Noturno;4;False;False;2024-10-13;Mesma Cidade;True
1208;24;800,0;Engenharia;Noturno;4;False;False;2024-01-29;Outro Estado;True
1209;17;1356,94;Administração;Matutino;4;False;True;2024-10-27;Interior Estado;False
1210;21;1513,77;Outros;Vespertino;3;False;False;2024-09-07;Mesma Cidade;True
1211;20;981,95;Ciência da Computação;Noturno;1;False;False;2024-02-06;Mesma Cidade;True
1212;20;1570,78;Engenharia;Matutino;4;False;True;2024-02-12;Interior Estado;True
1213;24;1217,37;Engenharia;Matutino;1;False;False;2024-05-08;Mesma Cidade;True
1214;23;800,0;Psicologia;Integral;1;False;True;2024-02-13;Interior Estado;True
1215;26;1404,74;Arquitetura;Noturno;4;True;False;2024-07-10;Outro Estado;True
1216;23;1050,4;Arquitetura;Integral;3;False;True;2024-02-22;Interior Estado;True
1217;18;4000,0;Outros;Noturno;1;False;True;2024-11-16;Interior Estado;False
1218;23;800,0;Medicina;Matutino;1;True;False;2024-11-17;Interior Estado;True
1219;24;1860,76;Engenharia;Noturno;2;False;True;2024-06-22;Interior Estado;True
1220;27;970,4;Outros;Noturno;3;False;True;2024-05-06;Mesma Cidade;False
1221;28;1101,52;Psicologia;Integral;2;False;True;2024-02-09;Mesma Cidade;True
1222;25;2539,96;Administração;Integral;2;True;False;2024-10-10;Outro Estado;True
1223;21;4000,0;Arquitetura;Integral;4;False;True;2024-11-05;Interior Estado;False
1224;23;1402,15;Administração;Noturno;1;True;False;2024-02-27;Mesma Cidade;True
1225;24;1286,11;Administração;Vespertino;2;False;True;2024-01-24;Interior Estado;True
1226;22;800,0;Administração;Vespertino;5;False;False;2024-01-19;Outro Estado;True
1227;29;800,0;Outros;Matutino;2;True;True;2024-10-05;Outro Estado;False
1228;23;800,0;Psicologia;Vespertino;4;False;True;2024-04-17;Mesma Cidade;True
1229;18;1378,98;Ciência da Computação;Integral;2;False;True;2024-03-06;Interior Estado;True
1230;20;892,48;Direito;Vespertino;3;False;True;2024-04-01;Mesma Cidade;False
1231;18;800,0;Outros;Noturno;2;True;True;2024-12-23;Mesma Cidade;True
1232;28;894,84;Direito;Noturno;3;False;False;2024-02-19;Interior Estado;True
1233;21;867,85;Ciência da Computação;Noturno;1;False;False;2024-05-03;Outro Estado;True
1234;24;3580,81;Arquitetura;Noturno;5;False;True;2024-02-24;Mesma Cidade;True
1235;26;1565,59;Administração;Matutino;4;False;True;2024-02-11;Mesma Cidade;True
1236;27;845,99;Outros;Vespertino;1;False;True;2024-05-06;Mesma Cidade;True
1237;18;1327,0;Administração;Integral;1;False;False;2024-02-17;Outro Estado;False
1238;17;3589,57;Engenharia;Matutino;1;False;False;2024-02-15;Interior Estado;True
1239;17;997,16;Direito;Matutino;2;False;True;2024-07-14;Mesma Cidade;False
1240;25;1627,19;Engenharia;Vespertino;1;False;True;2024-05-10;Outro Estado;True
1241;23;800,0;Engenharia;Noturno;5;False;False;2024-06-13;Mesma Cidade;True
1242;24;1772,89;Medicina;Matutino;2;False;True;2024-01-19;Interior Estado;True
1243;20;910,87;Outros;Integral;5;False;True;2024-01-08;Outro Estado;True
1244;21;800,0;Outros;Integral;5;True;False;2024-10-14;Interior Estado;False
1245;29;1142,72;Engenharia;Vespertino;2;False;True;2024-09-16;Mesma Cidade;True
1246;26;1491,33;Administração;Noturno;5;False;False;2024-09-12;Mesma Cidade;True
1247;29;2242,63;Outros;Matutino;2;False;True;2024-08-26;Outro Estado;False
1248;22;2719,39;Administração;Vespertino;2;True;False;2024-09-26;Mesma Cidade;False
1249;18;997,93;Engenharia;Noturno;3;False;False;2024-07-08;Mesma Cidade;True
1250;24;1052,13;Ciência da Computação;Noturno;4;True;True;2024-05-13;Outro Estado;True
1251;19;1305,95;Outros;Matutino;3;True;True;2024-03-01;Mesma Cidade;False
1252;25;1908,79;Psicologia;Noturno;5;True;True;2024-07-22;Outro Estado;True
1253;20;1374,83;Outros;Matutino;3;True;True;2024-03-14;Mesma Cidade;True
1254;22;1109,03;Engenharia;Vespertino;1;False;False;2024-02-04;Interior Estado;True
1255;28;800,0;Outros;Integral;2;False;True;2024-12-02;Outro Estado;True
1256;17;2934,92;Outros;Vespertino;3;False;True;2024-04-17;Outro Estado;True
1257;25;911,54;Engenharia;Vespertino;3;False;False;2024-03-11;Interior Estado;True
1258;18;1627,28;Ciência da Computação;Noturno;2;False;True;2024-06-09;Interior Estado;True
1259;21;881,97;Engenharia;Matutino;2;False;True;2024-04-03;Mesma Cidade;False
1260;22;2153,09;Outros;Vespertino;3;False;False;2024-05-18;Outro Estado;True
1261;20;4000,0;Arquitetura;Vespertino;1;True;False;2024-07-06;Interior Estado;True
1262;21;1361,28;Ciência da Computação;Matutino;4;False;True;2024-07-19;Interior Estado;True
1263;18;2620,22;Direito;Noturno;4;False;True;2024-01-02;Interior Estado;True
1264;20;915,15;Psicologia;Integral;1;False;False;2024-10-12;Mesma Cidade;True
1265;22;1051,27;Engenharia;Noturno;4;False;False;2024-01-18;Mesma Cidade;True
1266;25;1766,51;Outros;Matutino;3;False;True;2024-11-27;Mesma Cidade;False
1267;24;1862,77;Engenharia;Vespertino;5;True;True;2024-12-05;Mesma Cidade;False
1268;21;2151,88;Engenharia;Noturno;4;True;True;2024-06-03;Interior Estado;True
1269;21;1685,15;Outros;Vespertino;3;False;True;2024-12-24;Outro Estado;True
1270;19;800,0;Outros;Vespertino;3;False;True;2024-10-02;Mesma Cidade;False
1271;19;1064,72;Ciência da Computação;Noturno;3;False;True;2024-08-04;Outro Estado;False
1272;18;2721,2;Administração;Noturno;4;False;True;2024-04-18;Interior Estado;True
1273;18;1458,16;Psicologia;Integral;5;True;False;2024-10-15;Outro Estado;True
1274;23;2931,74;Outros;Integral;3;True;True;2024-03-14;Outro Estado;True
1275;17;858,4;Psicologia;Vespertino;2;False;False;2024-07-24;Mesma Cidade;True
1276;21;4000,0;Administração;Noturno;3;False;True;2024-10-17;Interior Estado;False
1277;20;1897,4;Psicologia;Vespertino;4;False;True;2024-11-15;Interior Estado;True
1278;24;1063,22;Ciência da Computação;Noturno;3;False;True;2024-08-22;Mesma Cidade;True
1279;20;1916,35;Engenharia;Matutino;3;True;True;2024-06-20;Interior Estado;False
1280;18;1308,89;Arquitetura;Noturno;3;False;True;2024-12-07;Mesma Cidade;False
1281;18;1267,04;Engenharia;Matutino;2;True;False;2024-07-10;Mesma Cidade;True
1282;25;800,0;Engenharia;Matutino;3;True;True;2024-03-13;Mesma Cidade;True
1283;21;1277,74;Arquitetura;Noturno;2;False;True;2024-09-03;Mesma Cidade;True
1284;19;800,0;Ciência da Computação;Matutino;3;False;False;2024-09-11;Mesma Cidade;True
1285;25;1965,56;Outros;Matutino;2;False;True;2024-03-28;Mesma Cidade;True
1286;22;2884,26;Outros;Matutino;4;True;True;2024-03-15;Mesma Cidade;False
1287;21;3468,0;Arquitetura;Noturno;2;False;True;2024-09-02;Mesma Cidade;True
1288;25;1386,47;Medicina;Integral;3;True;True;2024-02-07;Interior Estado;False
1289;17;2784,16;Psicologia;Integral;2;False;True;2024-08-18;Interior Estado;True
1290;22;1133,93;Outros;Integral;4;False;True;2024-04-22;Outro Estado;True
1291;20;800,0;Arquitetura;Vespertino;5;False;True;2024-07-17;Mesma Cidade;True
1292;25;829,69;Outros;Matutino;4;True;True;2024-01-03;Outro Estado;True
1293;21;2392,96;Direito;Noturno;1;True;True;2024-12-11;Interior Estado;True
1294;24;2307,82;Administração;Integral;4;False;False;2024-05-06;Mesma Cidade;True
1295;22;4000,0;Outros;Integral;3;False;True;2024-04-30;Interior Estado;True
1296;22;1073,51;Medicina;Noturno;2;False;True;2024-11-24;Outro Estado;True
1297;21;800,0;Arquitetura;Matutino;2;False;False;2024-04-01;Mesma Cidade;True
1298;25;800,0;Engenharia;Vespertino;5;False;False;2024-03-10;Interior Estado;True
1299;17;1425,67;Engenharia;Vespertino;2;True;True;2024-03-06;Outro Estado;True
1300;20;1391,53;Direito;Integral;1;False;True;2024-11-29;Interior Estado;True
1301;23;2214,37;Direito;Integral;5;False;True;2024-07-31;Interior Estado;True
1302;19;3131,23;Direito;Integral;2;True;False;2024-02-23;Mesma Cidade;True
1303;22;949,66;Outros;Noturno;2;False;True;2024-03-24;Outro Estado;True
1304;19;1146,54;Psicologia;Vespertino;1;False;True;2024-01-30;Interior Estado;True
1305;25;3923,81;Engenharia;Noturno;5;False;True;2024-12-26;Outro Estado;True
1306;22;1765,32;Direito;Noturno;4;False;True;2024-07-25;Outro Estado;True
1307;28;1493,97;Direito;Noturno;3;False;True;2024-05-16;Mesma Cidade;True
1308;28;2337,64;Engenharia;Noturno;5;False;True;2024-09-16;Mesma Cidade;True
1309;25;1993,12;Engenharia;Integral;5;False;True;2024-08-12;Mesma Cidade;True
1310;29;1329,12;Engenharia;Matutino;5;False;False;2024-07-26;Interior Estado;True
1311;19;3972,06;Direito;Vespertino;2;False;True;2024-04-17;Mesma Cidade;True
1312;27;1684,47;Administração;Matutino;1;False;False;2024-03-31;Interior Estado;False
1313;17;800,0;Direito;Integral;3;True;False;2024-09-21;Interior Estado;True
1314;23;1811,01;Administração;Integral;4;False;True;2024-03-08;Interior Estado;True
1315;20;1611,42;Direito;Matutino;1;True;True;2024-08-07;Interior Estado;True
1316;23;1009,08;Outros;Noturno;2;False;True;2024-06-01;Interior Estado;True
1317;25;1152,99;Administração;Noturno;2;True;False;2024-08-25;Interior Estado;True
1318;24;1081,23;Psicologia;Noturno;1;True;True;2024-06-03;Interior Estado;True
1319;18;1118,39;Psicologia;Vespertino;4;False;False;2024-12-11;Interior Estado;False
1320;25;3102,87;Arquitetura;Noturno;3;False;False;2024-02-13;Interior Estado;False
1321;19;1296,88;Outros;Matutino;4;True;True;2024-10-22;Interior Estado;False
1322;24;1451,21;Outros;Vespertino;1;True;True;2024-12-27;Interior Estado;True
1323;22;1020,59;Administração;Vespertino;3;True;False;2024-12-09;Mesma Cidade;True
1324;23;2146,29;Ciência da Computação;Noturno;5;False;True;2024-11-08;Mesma Cidade;True
1325;28;1803,12;Engenharia;Noturno;5;True;False;2024-10-08;Interior Estado;False
1326;24;1319,41;Outros;Matutino;4;False;False;2024-07-18;Mesma Cidade;True
1327;18;1383,87;Outros;Vespertino;2;False;True;2024-05-08;Interior Estado;True
1328;25;961,12;Engenharia;Noturno;3;False;True;2024-04-21;Interior Estado;True
1329;17;1471,64;Direito;Integral;1;False;False;2024-09-12;Mesma Cidade;True
1330;25;1350,37;Administração;Integral;2;False;True;2024-06-27;Interior Estado;False
1331;21;1695,89;Administração;Noturno;2;True;False;2024-04-15;Interior Estado;True
1332;20;3344,77;Outros;Matutino;1;True;True;2024-08-18;Mesma Cidade;False
1333;24;910,43;Psicologia;Matutino;4;False;True;2024-05-01;Interior Estado;True
1334;21;800,0;Psicologia;Vespertino;4;False;False;2024-01-11;Outro Estado;True
1335;27;2243,29;Outros;Noturno;2;False;True;2024-08-23;Interior Estado;True
1336;25;3855,61;Medicina;Vespertino;2;False;True;2024-10-10;Mesma Cidade;True
1337;29;1648,29;Administração;Noturno;1;False;True;2024-07-09;Interior Estado;True
1338;21;1292,76;Direito;Vespertino;5;False;True;2024-05-15;Interior Estado;True
1339;22;930,08;Administração;Vespertino;1;True;True;2024-03-06;Outro Estado;True
1340;24;2275,13;Administração;Integral;1;False;True;2024-04-25;Mesma Cidade;True
1341;23;1914,28;Outros;Vespertino;5;False;True;2024-12-26;Interior Estado;True
1342;23;1489,41;Administração;Matutino;2;True;False;2024-10-07;Outro Estado;False
1343;22;1541,7;Engenharia;Noturno;5;False;False;2024-02-13;Interior Estado;True
1344;19;1989,82;Outros;Vespertino;5;False;False;2024-01-28;Mesma Cidade;True
1345;24;1475,38;Psicologia;Noturno;5;False;False;2024-03-09;Interior Estado;True
1346;20;800,0;Arquitetura;Matutino;4;False;True;2024-01-12;Mesma Cidade;True
1347;26;3153,29;Arquitetura;Vespertino;2;False;False;2024-07-30;Mesma Cidade;True
1348;20;1749,53;Direito;Vespertino;1;False;False;2024-05-08;Interior Estado;True
1349;22;1117,13;Engenharia;Integral;4;True;True;2024-01-01;Interior Estado;True
1350;18;1511,86;Arquitetura;Vespertino;4;False;False;2024-02-06;Interior Estado;True
1351;21;1217,43;Administração;Vespertino;3;True;False;2024-04-02;Outro Estado;True
1352;26;841,32;Administração;Noturno;2;True;True;2024-11-11;Mesma Cidade;True
1353;22;800,0;Administração;Matutino;3;False;False;2024-08-17;Outro Estado;False
1354;24;2528,68;Outros;Noturno;1;False;True;2024-01-13;Mesma Cidade;True
1355;17;1768,23;Medicina;Integral;3;False;True;2024-09-03;Interior Estado;True
1356;26;1293,44;Engenharia;Matutino;1;False;True;2024-02-07;Interior Estado;False
1357;20;3981,22;Administração;Vespertino;4;False;True;2024-06-13;Mesma Cidade;True
1358;19;1443,97;Arquitetura;Vespertino;2;True;False;2024-11-11;Outro Estado;True
1359;19;1506,18;Outros;Noturno;5;False;True;2024-12-21;Interior Estado;True
1360;20;800,0;Outros;Matutino;1;False;False;2024-05-24;Outro Estado;False
1361;25;4000,0;Outros;Vespertino;1;False;True;2024-09-21;Outro Estado;True
1362;24;800,0;Medicina;Integral;3;False;False;2024-03-05;Outro Estado;False
1363;19;3056,4;Outros;Vespertino;2;False;False;2024-03-24;Outro Estado;True
1364;22;1494,48;Arquitetura;Integral;3;False;True;2024-01-15;Interior Estado;True
1365;20;1317,47;Outros;Noturno;3;False;True;2024-10-16;Outro Estado;True
1366;18;2208,65;Administração;Noturno;5;True;False;2024-02-24;Mesma Cidade;False
1367;25;1385,31;Direito;Noturno;5;False;False;2024-02-25;Mesma Cidade;True
1368;28;1848,83;Engenharia;Vespertino;4;False;True;2024-02-19;Interior Estado;False
1369;17;800,0;Direito;Matutino;4;False;True;2024-09-23;Outro Estado;True
1370;25;1282,27;Administração;Integral;4;True;True;2024-01-01;Interior Estado;False
1371;24;3553,18;Psicologia;Vespertino;1;True;True;2024-02-02;Mesma Cidade;True
1372;20;800,0;Direito;Integral;1;True;True;2024-09-10;Outro Estado;True
1373;21;1109,42;Arquitetura;Noturno;3;False;False;2024-03-25;Interior Estado;True
1374;18;4000,0;Engenharia;Vespertino;4;False;True;2024-02-13;Interior Estado;True
1375;20;2597,92;Administração;Noturno;1;False;False;2024-05-13;Mesma Cidade;False
1376;23;800,0;Engenharia;Noturno;4;True;True;2024-10-24;Outro Estado;True
1377;22;1183,54;Outros;Integral;1;False;True;2024-02-24;Mesma Cidade;True
1378;21;1317,9;Direito;Integral;3;False;False;2024-01-15;Mesma Cidade;False
1379;17;800,0;Ciência da Computação;Integral;1;False;True;2024-11-27;Interior Estado;True
1380;21;800,0;Direito;Integral;3;True;True;2024-07-20;Interior Estado;True
1381;23;2042,65;Engenharia;Noturno;5;True;True;2024-01-20;Interior Estado;True
1382;21;1420,96;Outros;Noturno;1;True;True;2024-02-18;Mesma Cidade;True
1383;18;1394,68;Psicologia;Vespertino;5;False;True;2024-03-18;Interior Estado;True
1384;23;1447,81;Outros;Vespertino;5;False;True;2024-07-31;Mesma Cidade;True
1385;23;1117,68;Administração;Vespertino;3;True;True;2024-03-12;Interior Estado;True
1386;21;1618,26;Arquitetura;Integral;3;True;False;2024-01-16;Interior Estado;True
1387;25;1893,08;Administração;Matutino;5;True;True;2024-04-30;Interior Estado;False
1388;24;912,14;Medicina;Matutino;3;True;True;2024-05-29;Interior Estado;True
1389;23;1730,54;Psicologia;Integral;5;True;True;2024-12-21;Outro Estado;True
1390;17;1590,4;Direito;Matutino;5;False;False;2024-12-04;Mesma Cidade;True
1391;25;3563,35;Administração;Noturno;1;False;False;2024-10-27;Interior Estado;True
1392;22;1901,32;Engenharia;Vespertino;5;False;True;2024-02-03;Interior Estado;True
1393;17;827,04;Outros;Vespertino;3;True;True;2024-01-10;Interior Estado;True
1394;25;929,4;Arquitetura;Matutino;4;False;False;2024-09-03;Outro Estado;True
1395;23;938,95;Psicologia;Vespertino;1;False;False;2024-05-08;Outro Estado;True
1396;22;2525,89;Ciência da Computação;Matutino;3;True;True;2024-10-24;Interior Estado;False
1397;24;1588,89;Administração;Integral;3;False;True;2024-07-19;Mesma Cidade;False
1398;20;1499,16;Administração;Noturno;2;True;True;2024-03-18;Interior Estado;False
1399;25;800,0;Direito;Vespertino;3;False;True;2024-11-12;Outro Estado;False
1400;24;965,43;Engenharia;Vespertino;3;False;False;2024-08-13;Mesma Cidade;True
1401;21;800,0;Arquitetura;Matutino;5;True;False;2024-04-21;Mesma Cidade;True
1402;17;3033,86;Engenharia;Integral;2;False;True;2024-08-29;Outro Estado;True
1403;23;1053,57;Administração;Matutino;2;False;True;2024-02-28;Interior Estado;True
1404;20;4000,0;Psicologia;Noturno;1;False;True;2024-10-09;Interior Estado;True
1405;25;1461,89;Direito;Vespertino;2;False;True;2024-08-24;Mesma Cidade;True
1406;23;871,85;Engenharia;Noturno;4;False;False;2024-04-24;Interior Estado;True
1407;20;4000,0;Engenharia;Noturno;3;True;True;2024-07-04;Outro Estado;True
1408;23;1483,3;Outros;Noturno;3;False;True;2024-03-17;Outro Estado;True
1409;25;1602,6;Psicologia;Matutino;1;True;True;2024-12-16;Outro Estado;True
1410;27;1611,94;Ciência da Computação;Matutino;5;True;True;2024-11-18;Interior Estado;False
1411;19;800,0;Engenharia;Matutino;1;False;True;2024-08-31;Interior Estado;False
1412;22;1599,31;Direito;Noturno;2;False;False;2024-11-29;Interior Estado;True
1413;21;800,0;Direito;Matutino;3;False;True;2024-11-09;Mesma Cidade;False
1414;22;837,07;Outros;Noturno;5;False;True;2024-09-15;Mesma Cidade;True
1415;24;4000,0;Engenharia;Noturno;3;False;True;2024-02-17;Outro Estado;True
1416;21;979,2;Outros;Integral;2;False;True;2024-12-23;Mesma Cidade;False
1417;27;1271,62;Administração;Noturno;5;True;True;2024-09-27;Outro Estado;True
1418;23;827,08;Medicina;Matutino;2;False;False;2024-02-13;Interior Estado;False
1419;22;1455,02;Medicina;Noturno;5;False;True;2024-08-21;Mesma Cidade;False
1420;24;891,03;Outros;Noturno;1;False;False;2024-10-20;Interior Estado;False
1421;23;2432,22;Outros;Matutino;1;True;False;2024-07-25;Mesma Cidade;False
1422;27;2776,48;Medicina;Vespertino;1;False;True;2024-01-27;Outro Estado;True
1423;26;1212,13;Engenharia;Vespertino;1;False;True;2024-02-09;Mesma Cidade;True
1424;24;1848,81;Direito;Noturno;2;False;False;2024-01-15;Interior Estado;False
1425;20;800,0;Engenharia;Integral;5;False;False;2024-07-29;Interior Estado;False
1426;27;1476,43;Administração;Noturno;3;True;False;2024-03-30;Mesma Cidade;True
1427;23;1004,49;Direito;Noturno;2;False;True;2024-08-01;Mesma Cidade;True
1428;25;1631,59;Administração;Noturno;3;True;False;2024-08-20;Mesma Cidade;True
1429;24;800,0;Ciência da Computação;Integral;5;False;True;2024-04-01;Mesma Cidade;False
1430;20;2630,6;Engenharia;Matutino;2;False;True;2024-08-10;Mesma Cidade;True
1431;19;1953,17;Direito;Matutino;1;False;True;2024-03-06;Outro Estado;True
1432;20;1743,15;Psicologia;Noturno;4;False;True;2024-08-05;Outro Estado;False
1433;24;3767,02;Psicologia;Noturno;1;False;False;2024-05-05;Outro Estado;True
1434;20;906,54;Medicina;Matutino;2;True;True;2024-01-26;Mesma Cidade;False
1435;22;800,0;Administração;Integral;5;False;True;2024-03-27;Interior Estado;True
1436;23;1926,1;Direito;Matutino;1;False;False;2024-06-08;Mesma Cidade;True
1437;19;2321,23;Administração;Noturno;3;False;True;2024-08-19;Outro Estado;True
1438;24;3446,77;Ciência da Computação;Noturno;5;False;True;2024-01-01;Interior Estado;True
1439;22;1569,8;Arquitetura;Matutino;2;True;True;2024-04-08;Mesma Cidade;True
1440;22;800,0;Medicina;Noturno;4;True;True;2024-05-18;Mesma Cidade;True
1441;24;2220,79;Outros;Integral;1;False;True;2024-12-08;Outro Estado;True
1442;29;1087,62;Outros;Integral;4;False;True;2024-09-19;Interior Estado;False
1443;20;1638,87;Engenharia;Noturno;5;False;False;2024-10-17;Mesma Cidade;True
1444;21;800,0;Ciência da Computação;Vespertino;3;False;True;2024-11-12;Mesma Cidade;True
1445;20;800,0;Psicologia;Integral;2;True;True;2024-05-16;Interior Estado;False
1446;21;4000,0;Outros;Noturno;3;True;True;2024-03-18;Interior Estado;True
1447;25;800,0;Psicologia;Noturno;1;False;True;2024-11-07;Interior Estado;True
1448;25;2036,48;Arquitetura;Integral;3;True;True;2024-09-02;Outro Estado;True
1449;22;1232,21;Outros;Matutino;3;False;False;2024-07-17;Interior Estado;False
1450;21;949,18;Arquitetura;Vespertino;5;False;True;2024-06-03;Interior Estado;True
1451;22;924,74;Engenharia;Matutino;5;False;True;2024-06-18;Interior Estado;False
1452;28;1560,0;Outros;Noturno;2;False;True;2024-03-10;Outro Estado;True
1453;25;4000,0;Outros;Noturno;4;True;False;2024-01-28;Interior Estado;True
1454;19;1197,03;Engenharia;Noturno;1;False;True;2024-01-20;Outro Estado;True
1455;21;1294,31;Engenharia;Matutino;1;False;True;2024-10-21;Interior Estado;True
1456;21;4000,0;Outros;Integral;2;False;False;2024-09-23;Outro Estado;True
1457;26;1178,4;Outros;Matutino;2;False;True;2024-02-26;Interior Estado;True
1458;21;1459,37;Arquitetura;Vespertino;5;False;True;2024-03-10;Outro Estado;True
1459;23;800,0;Direito;Matutino;3;False;True;2024-05-22;Interior Estado;False
1460;22;1886,6;Ciência da Computação;Matutino;1;True;True;2024-02-03;Interior Estado;True
1461;23;2817,17;Medicina;Noturno;3;False;True;2024-10-15;Interior Estado;True
1462;21;1019,19;Medicina;Vespertino;1;True;True;2024-12-06;Mesma Cidade;True
1463;24;1659,69;Medicina;Matutino;1;False;False;2024-10-17;Outro Estado;True
1464;22;2342,26;Arquitetura;Noturno;3;False;False;2024-05-16;Interior Estado;False
1465;18;4000,0;Administração;Matutino;5;False;False;2024-06-15;Outro Estado;True
1466;19;4000,0;Medicina;Integral;4;True;False;2024-12-18;Interior Estado;False
1467;19;1688,88;Arquitetura;Noturno;4;False;True;2024-04-16;Interior Estado;True
1468;22;949,71;Psicologia;Noturno;1;False;False;2024-07-26;Interior Estado;False
1469;17;1086,77;Engenharia;Integral;4;False;False;2024-02-26;Mesma Cidade;True
1470;23;1206,32;Direito;Matutino;4;True;False;2024-06-15;Interior Estado;True
1471;18;1184,4;Outros;Matutino;5;True;True;2024-01-07;Outro Estado;False
1472;23;1195,62;Administração;Vespertino;3;False;True;2024-08-19;Interior Estado;True
1473;28;1376,15;Engenharia;Matutino;2;False;False;2024-09-15;Interior Estado;True
1474;25;975,84;Outros;Vespertino;2;True;True;2024-04-09;Interior Estado;True
1475;24;800,0;Outros;Vespertino;1;False;True;2024-12-13;Interior Estado;True
1476;22;2968,1;Outros;Vespertino;2;False;False;2024-07-03;Mesma Cidade;False
1477;22;1091,28;Direito;Integral;5;False;False;2024-10-29;Mesma Cidade;False
1478;24;2375,79;Direito;Vespertino;1;True;True;2024-10-05;Outro Estado;False
1479;24;1615,69;Direito;Integral;1;False;True;2024-12-14;Interior Estado;True
1480;23;1549,77;Engenharia;Matutino;5;True;True;2024-05-02;Interior Estado;False
1481;23;3890,42;Outros;Matutino;4;False;True;2024-09-05;Outro Estado;True
1482;19;1211,17;Engenharia;Matutino;3;False;True;2024-05-26;Outro Estado;True
1483;23;800,0;Engenharia;Vespertino;3;True;True;2024-07-17;Mesma Cidade;True
1484;27;1117,38;Outros;Noturno;3;False;True;2024-08-25;Outro Estado;False
1485;29;1970,01;Engenharia;Matutino;4;True;True;2024-12-18;Interior Estado;True
1486;29;1792,11;Outros;Noturno;1;False;True;2024-10-18;Mesma Cidade;True
1487;25;4000,0;Administração;Integral;1;False;True;2024-01-23;Mesma Cidade;True
1488;22;1279,95;Administração;Matutino;3;False;True;2024-07-05;Interior Estado;True
1489;20;1254,14;Arquitetura;Vespertino;1;True;True;2024-08-11;Interior Estado;True
1490;17;2885,23;Engenharia;Matutino;3;False;False;2024-12-20;Mesma Cidade;True
1491;28;800,0;Direito;Vespertino;4;True;True;2024-09-11;Outro Estado;True
1492;19;800,0;Administração;Matutino;1;False;False;2024-03-25;Outro Estado;False
1493;28;1418,19;Ciência da Computação;Integral;1;False;True;2024-08-10;Mesma Cidade;True
1494;23;2138,43;Administração;Matutino;2;True;True;2024-09-27;Interior Estado;False
1495;20;800,0;Ciência da Computação;Noturno;1;False;True;2024-11-05;Interior Estado;True
1496;20;800,0;Engenharia;Vespertino;2;False;True;2024-01-26;Mesma Cidade;False
1497;22;2282,88;Arquitetura;Integral;3;False;True;2024-12-11;Interior Estado;True
1498;23;3193,95;Administração;Noturno;5;False;False;2024-01-07;Outro Estado;True
1499;25;884,14;Outros;Vespertino;5;False;True;2024-02-22;Outro Estado;True
1500;20;2096,62;Administração;Matutino;4;False;False;2024-05-26;Mesma Cidade;True
1501;23;1756,08;Engenharia;Noturno;2;False;False;2024-03-18;Interior Estado;False
1502;22;1749,32;Medicina;Noturno;3;True;True;2024-02-21;Interior Estado;False
1503;19;1886,39;Direito;Matutino;5;False;False;2024-02-08;Interior Estado;True
1504;29;4000,0;Engenharia;Integral;3;True;True;2024-01-07;Interior Estado;True
1505;20;1753,01;Ciência da Computação;Noturno;1;False;True;2024-09-07;Mesma Cidade;True
1506;23;948,77;Engenharia;Integral;2;True;True;2024-06-21;Mesma Cidade;True
1507;21;3837,39;Ciência da Computação;Vespertino;1;False;False;2024-12-22;Interior Estado;False
1508;23;988,0;Administração;Vespertino;4;True;True;2024-01-15;Mesma Cidade;True
1509;21;1327,75;Outros;Integral;1;False;False;2024-05-22;Mesma Cidade;True
1510;21;800,0;Medicina;Integral;3;False;True;2024-03-07;Interior Estado;True
1511;17;2838,29;Ciência da Computação;Noturno;1;False;True;2024-11-21;Interior Estado;True
1512;20;1049,35;Outros;Vespertino;5;True;False;2024-03-15;Interior Estado;True
1513;25;1593,42;Medicina;Integral;3;False;False;2024-05-19;Mesma Cidade;False
1514;25;4000,0;Medicina;Integral;3;False;True;2024-12-15;Mesma Cidade;False
1515;21;800,0;Administração;Noturno;5;False;True;2024-06-10;Mesma Cidade;False
1516;23;1003,07;Outros;Noturno;1;True;False;2024-06-09;Interior Estado;True
1517;20;4000,0;Direito;Noturno;2;True;True;2024-08-16;Mesma Cidade;False
1518;20;3099,82;Engenharia;Matutino;1;False;True;2024-02-23;Interior Estado;True
1519;21;841,93;Psicologia;Matutino;1;False;False;2024-02-07;Interior Estado;True
1520;18;1254,22;Administração;Integral;3;True;True;2024-01-11;Outro Estado;True
1521;28;1313,6;Medicina;Vespertino;4;False;True;2024-05-30;Interior Estado;True
1522;24;800,0;Outros;Noturno;5;True;False;2024-11-19;Interior Estado;True
1523;20;1574,47;Administração;Vespertino;1;False;True;2024-06-08;Interior Estado;True
1524;27;4000,0;Administração;Noturno;4;False;False;2024-01-01;Mesma Cidade;True
1525;25;2264,26;Engenharia;Vespertino;4;True;True;2024-01-30;Interior Estado;True
1526;21;1889,16;Outros;Integral;1;True;True;2024-07-14;Mesma Cidade;True
1527;21;900,71;Outros;Integral;5;False;False;2024-08-07;Interior Estado;True
1528;21;1759,98;Administração;Integral;1;False;True;2024-01-04;Mesma Cidade;True
1529;21;1598,48;Direito;Matutino;5;False;False;2024-01-18;Mesma Cidade;True
1530;22;1638,63;Administração;Matutino;3;True;False;2024-09-25;Outro Estado;False
1531;24;808,62;Direito;Vespertino;1;True;False;2024-09-26;Outro Estado;True
1532;23;4000,0;Outros;Vespertino;1;False;True;2024-03-15;Mesma Cidade;True
1533;24;800,0;Engenharia;Vespertino;2;False;False;2024-06-19;Mesma Cidade;False
1534;17;800,0;Medicina;Noturno;5;False;True;2024-02-18;Outro Estado;True
1535;18;1252,34;Ciência da Computação;Matutino;4;True;False;2024-01-28;Mesma Cidade;True
1536;20;4000,0;Administração;Noturno;3;False;True;2024-05-26;Interior Estado;False
1537;22;800,0;Direito;Noturno;1;True;True;2024-12-04;Outro Estado;True
1538;18;1595,73;Psicologia;Matutino;5;False;True;2024-03-31;Outro Estado;True
1539;27;1522,38;Outros;Matutino;4;False;False;2024-02-14;Outro Estado;True
1540;23;800,0;Medicina;Matutino;1;False;True;2024-11-28;Mesma Cidade;True
1541;22;2165,2;Psicologia;Noturno;5;False;True;2024-01-09;Interior Estado;True
1542;24;800,0;Psicologia;Noturno;2;False;True;2024-04-16;Interior Estado;True
1543;20;1926,02;Arquitetura;Integral;5;False;False;2024-01-16;Interior Estado;True
1544;26;800,0;Outros;Noturno;2;False;True;2024-05-13;Mesma Cidade;True
1545;20;1268,69;Outros;Vespertino;1;True;True;2024-09-30;Outro Estado;False
1546;21;1578,65;Psicologia;Vespertino;3;True;True;2024-05-12;Outro Estado;True
1547;24;1298,43;Administração;Matutino;5;False;True;2024-06-05;Mesma Cidade;False
1548;23;3497,73;Medicina;Noturno;2;True;True;2024-01-16;Outro Estado;True
1549;27;1392,34;Administração;Matutino;3;False;True;2024-06-30;Interior Estado;False
1550;17;2315,34;Direito;Noturno;4;False;True;2024-02-19;Interior Estado;True
1551;17;1800,8;Ciência da Computação;Integral;3;False;False;2024-09-14;Mesma Cidade;True
1552;20;1036,4;Outros;Noturno;1;True;False;2024-03-30;Interior Estado;True
1553;25;837,97;Administração;Integral;2;False;True;2024-09-30;Mesma Cidade;True
1554;19;3014,93;Engenharia;Matutino;1;False;True;2024-06-18;Outro Estado;False
1555;28;1753,09;Ciência da Computação;Vespertino;1;False;True;2024-09-07;Interior Estado;True
1556;21;1048,57;Medicina;Matutino;1;False;False;2024-06-16;Interior Estado;True
1557;25;3542,57;Direito;Matutino;4;False;True;2024-03-18;Mesma Cidade;True
1558;20;832,94;Outros;Noturno;4;False;True;2024-03-10;Mesma Cidade;True
1559;22;1200,5;Ciência da Computação;Matutino;4;False;True;2024-10-03;Mesma Cidade;True
1560;18;1229,57;Outros;Matutino;4;False;True;2024-12-10;Outro Estado;True
1561;23;859,94;Engenharia;Noturno;3;False;True;2024-08-14;Mesma Cidade;True
1562;23;1725,62;Ciência da Computação;Noturno;4;False;True;2024-01-19;Interior Estado;False
1563;24;1106,29;Administração;Integral;1;True;True;2024-06-16;Outro Estado;True
1564;25;800,0;Outros;Integral;3;False;True;2024-01-03;Outro Estado;True
1565;17;1288,14;Outros;Vespertino;2;False;True;2024-03-13;Mesma Cidade;True
1566;24;800,0;Outros;Noturno;1;False;True;2024-06-01;Outro Estado;True
1567;25;1741,4;Outros;Integral;1;False;True;2024-07-02;Mesma Cidade;True
1568;18;1630,88;Engenharia;Noturno;1;True;True;2024-09-07;Outro Estado;True
1569;23;800,0;Administração;Vespertino;1;True;True;2024-05-25;Interior Estado;False
1570;24;800,0;Engenharia;Vespertino;5;False;True;2024-01-02;Interior Estado;False
1571;24;800,0;Administração;Noturno;1;True;True;2024-12-03;Interior Estado;True
1572;23;800,0;Ciência da Computação;Noturno;3;False;False;2024-09-23;Mesma Cidade;True
1573;24;1187,65;Arquitetura;Noturno;1;False;False;2024-04-12;Outro Estado;True
1574;17;1099,27;Psicologia;Vespertino;4;False;True;2024-11-06;Interior Estado;True
1575;28;1482,51;Medicina;Integral;5;False;True;2024-12-26;Interior Estado;True
1576;29;1048,69;Medicina;Noturno;2;True;False;2024-02-18;Outro Estado;False
1577;25;2040,46;Direito;Matutino;2;False;True;2024-11-19;Outro Estado;True
1578;17;2018,97;Direito;Matutino;3;True;True;2024-06-08;Interior Estado;True
1579;20;869,42;Arquitetura;Vespertino;3;False;False;2024-12-02;Outro Estado;True
1580;21;3557,55;Administração;Matutino;4;False;True;2024-01-23;Outro Estado;True
1581;22;1083,53;Outros;Integral;5;True;True;2024-12-30;Interior Estado;True
1582;20;800,0;Ciência da Computação;Vespertino;4;False;True;2024-10-02;Mesma Cidade;False
1583;26;2681,54;Administração;Noturno;2;True;False;2024-08-13;Mesma Cidade;False
1584;20;914,48;Ciência da Computação;Noturno;3;False;False;2024-04-27;Outro Estado;True
1585;20;3114,41;Outros;Matutino;5;False;True;2024-08-10;Interior Estado;True
1586;25;1765,17;Administração;Vespertino;3;True;True;2024-12-25;Mesma Cidade;False
1587;21;4000,0;Outros;Noturno;4;True;True;2024-02-24;Interior Estado;True
1588;23;2123,52;Administração;Matutino;1;True;True;2024-07-12;Mesma Cidade;True
1589;21;813,23;Ciência da Computação;Noturno;5;False;True;2024-12-02;Mesma Cidade;True
1590;19;800,0;Outros;Integral;3;False;True;2024-01-02;Mesma Cidade;True
1591;23;800,0;Administração;Integral;5;False;False;2024-09-09;Interior Estado;False
1592;19;800,0;Ciência da Computação;Vespertino;1;True;True;2024-10-20;Mesma Cidade;False
1593;22;800,0;Psicologia;Noturno;1;True;False;2024-07-03;Interior Estado;True
1594;24;2508,61;Administração;Noturno;5;False;False;2024-10-22;Mesma Cidade;True
1595;28;1154,57;Engenharia;Vespertino;3;False;True;2024-11-30;Interior Estado;True
1596;28;800,0;Arquitetura;Integral;1;False;True;2024-09-02;Mesma Cidade;True
1597;18;984,86;Administração;Noturno;1;False;False;2024-05-25;Outro Estado;True
1598;24;2321,15;Psicologia;Matutino;3;False;True;2024-03-18;Interior Estado;False
1599;20;1193,78;Direito;Noturno;2;False;True;2024-10-03;Mesma Cidade;True
1600;20;1801,34;Direito;Vespertino;5;True;True;2024-04-25;Mesma Cidade;False
1601;17;800,0;Outros;Vespertino;1;False;True;2024-01-31;Mesma Cidade;True
1602;19;810,7;Medicina;Noturno;1;True;True;2024-10-17;Outro Estado;True
1603;18;1496,2;Engenharia;Integral;1;True;False;2024-07-21;Interior Estado;False
1604;25;1716,09;Administração;Vespertino;2;True;True;2024-07-27;Mesma Cidade;False
1605;25;1228,96;Medicina;Noturno;1;True;True;2024-07-23;Interior Estado;True
1606;25;1475,43;Direito;Matutino;4;True;True;2024-03-16;Outro Estado;True
1607;19;1300,39;Engenharia;Matutino;2;False;True;2024-05-29;Outro Estado;False
1608;23;2144,91;Ciência da Computação;Integral;2;False;True;2024-07-08;Outro Estado;True
1609;18;1506,48;Ciência da Computação;Noturno;1;True;True;2024-03-10;Mesma Cidade;True
1610;23;1096,32;Outros;Matutino;1;False;True;2024-12-16;Outro Estado;True
1611;21;1069,6;Direito;Integral;3;False;True;2024-03-31;Interior Estado;True
1612;25;2331,91;Outros;Integral;4;True;True;2024-04-16;Outro Estado;False
1613;26;1438,5;Medicina;Matutino;4;False;True;2024-07-31;Outro Estado;True
1614;20;800,0;Psicologia;Matutino;1;False;False;2024-03-31;Mesma Cidade;True
1615;25;855,61;Outros;Vespertino;4;True;True;2024-03-24;Mesma Cidade;True
1616;20;1118,77;Administração;Noturno;5;True;True;2024-04-26;Outro Estado;True
1617;21;800,0;Outros;Vespertino;1;False;True;2024-06-27;Interior Estado;True
1618;21;2101,66;Engenharia;Noturno;1;True;True;2024-06-10;Mesma Cidade;True
1619;24;800,0;Direito;Vespertino;3;False;True;2024-08-19;Outro Estado;True
1620;25;800,0;Ciência da Computação;Noturno;1;True;False;2024-04-21;Outro Estado;True
1621;22;1098,36;Arquitetura;Noturno;2;False;True;2024-08-12;Mesma Cidade;True
1622;29;1858,96;Ciência da Computação;Matutino;3;True;False;2024-01-13;Mesma Cidade;True
1623;23;2991,91;Administração;Vespertino;4;False;False;2024-02-17;Outro Estado;True
1624;21;800,0;Ciência da Computação;Integral;4;True;True;2024-04-21;Mesma Cidade;True
1625;18;4000,0;Engenharia;Matutino;3;False;True;2024-06-08;Interior Estado;True
1626;25;1048,48;Engenharia;Integral;5;False;True;2024-01-18;Interior Estado;False
1627;21;965,48;Administração;Noturno;3;True;True;2024-09-11;Mesma Cidade;True
1628;20;1719,72;Ciência da Computação;Noturno;1;False;False;2024-07-11;Mesma Cidade;True
1629;17;1850,75;Engenharia;Vespertino;5;True;False;2024-06-13;Outro Estado;True
1630;24;956,23;Outros;Matutino;4;True;True;2024-10-30;Mesma Cidade;True
1631;24;853,17;Ciência da Computação;Matutino;5;True;True;2024-12-21;Interior Estado;True
1632;19;800,0;Arquitetura;Noturno;2;False;True;2024-08-20;Mesma Cidade;True
1633;23;1081,56;Outros;Matutino;1;False;False;2024-07-03;Interior Estado;True
1634;21;2116,0;Direito;Vespertino;3;False;True;2024-09-18;Mesma Cidade;True
1635;20;1268,64;Outros;Vespertino;3;False;True;2024-09-24;Interior Estado;False
1636;19;800,0;Ciência da Computação;Noturno;1;False;True;2024-08-05;Interior Estado;True
1637;20;800,0;Engenharia;Integral;3;False;False;2024-11-25;Outro Estado;True
1638;25;1978,75;Psicologia;Noturno;5;False;True;2024-09-13;Mesma Cidade;True
1639;18;1765,08;Arquitetura;Matutino;5;False;True;2024-09-19;Mesma Cidade;True
1640;19;1820,66;Administração;Integral;5;True;False;2024-09-24;Interior Estado;True
1641;27;1109,32;Administração;Vespertino;1;True;True;2024-09-24;Interior Estado;False
1642;17;2879,25;Engenharia;Noturno;5;True;True;2024-12-21;Outro Estado;False
1643;23;1067,26;Engenharia;Vespertino;5;False;True;2024-08-13;Mesma Cidade;False
1644;17;1920,55;Outros;Integral;2;False;False;2024-04-10;Interior Estado;True
1645;20;2283,05;Ciência da Computação;Vespertino;3;True;False;2024-11-27;Interior Estado;True
1646;18;1773,2;Outros;Integral;1;True;False;2024-02-22;Interior Estado;False
1647;20;1491,91;Ciência da Computação;Matutino;5;False;True;2024-06-02;Outro Estado;True
1648;17;2960,98;Psicologia;Matutino;2;True;True;2024-01-16;Outro Estado;True
1649;19;2395,35;Engenharia;Matutino;4;True;True;2024-07-06;Outro Estado;True
1650;25;1538,0;Administração;Vespertino;3;False;True;2024-07-09;Mesma Cidade;True
1651;23;2029,61;Administração;Integral;3;True;True;2024-09-03;Interior Estado;True
1652;19;2133,73;Engenharia;Noturno;2;False;False;2024-08-17;Interior Estado;True
1653;29;2549,86;Outros;Noturno;2;False;True;2024-09-23;Mesma Cidade;True
1654;29;4000,0;Direito;Integral;3;False;False;2024-09-26;Mesma Cidade;True
1655;24;3143,2;Outros;Vespertino;1;False;False;2024-09-14;Outro Estado;True
1656;20;1535,9;Outros;Vespertino;1;False;True;2024-10-20;Interior Estado;True
1657;22;800,0;Direito;Matutino;4;False;True;2024-10-17;Interior Estado;True
1658;25;1978,26;Outros;Matutino;5;True;False;2024-01-28;Mesma Cidade;True
1659;25;2637,71;Engenharia;Noturno;4;False;True;2024-06-25;Interior Estado;True
1660;19;1028,37;Outros;Matutino;1;True;False;2024-04-30;Outro Estado;True
1661;24;3456,64;Engenharia;Noturno;2;False;True;2024-03-06;Interior Estado;True
1662;23;1999,88;Outros;Integral;2;True;True;2024-03-03;Interior Estado;True
1663;24;1872,77;Engenharia;Integral;1;True;True;2024-08-04;Interior Estado;True
1664;22;1385,43;Outros;Integral;2;False;True;2024-04-10;Mesma Cidade;False
1665;20;1241,49;Engenharia;Matutino;1;False;True;2024-05-19;Interior Estado;True
1666;26;1563,91;Administração;Noturno;2;True;True;2024-01-13;Mesma Cidade;True
1667;17;1177,1;Outros;Noturno;1;False;False;2024-12-09;Mesma Cidade;True
1668;27;800,0;Outros;Matutino;2;False;True;2024-06-25;Interior Estado;True
1669;18;3744,1;Outros;Vespertino;2;False;True;2024-11-28;Mesma Cidade;True
1670;17;4000,0;Outros;Vespertino;5;False;True;2024-04-23;Outro Estado;False
1671;19;2122,74;Ciência da Computação;Matutino;3;True;True;2024-03-03;Outro Estado;True
1672;21;1739,55;Administração;Vespertino;3;False;True;2024-05-02;Mesma Cidade;True
1673;20;1804,82;Administração;Matutino;1;False;False;2024-10-01;Outro Estado;True
1674;23;1432,95;Direito;Matutino;3;False;False;2024-09-10;Outro Estado;True
1675;23;1729,58;Outros;Noturno;4;True;True;2024-04-26;Interior Estado;True
1676;23;2185,14;Arquitetura;Noturno;1;True;True;2024-11-17;Mesma Cidade;False
1677;19;4000,0;Engenharia;Vespertino;1;False;False;2024-10-12;Mesma Cidade;True
1678;23;4000,0;Administração;Matutino;2;True;False;2024-08-15;Outro Estado;True
1679;21;1509,88;Direito;Integral;1;False;True;2024-08-13;Interior Estado;True
1680;22;800,0;Outros;Noturno;4;False;True;2024-08-24;Interior Estado;True
1681;28;1187,47;Administração;Matutino;3;False;True;2024-04-03;Mesma Cidade;True
1682;21;800,0;Direito;Matutino;5;True;False;2024-01-15;Mesma Cidade;False
1683;18;1209,89;Direito;Matutino;3;False;True;2024-07-29;Outro Estado;False
1684;20;3861,22;Administração;Matutino;4;True;True;2024-03-08;Mesma Cidade;True
1685;24;1424,48;Ciência da Computação;Vespertino;3;True;True;2024-09-14;Mesma Cidade;True
1686;26;800,0;Administração;Vespertino;1;True;False;2024-03-03;Interior Estado;True
1687;20;832,76;Direito;Matutino;2;False;True;2024-02-15;Interior Estado;True
1688;24;1107,83;Ciência da Computação;Matutino;4;False;True;2024-03-16;Outro Estado;True
1689;28;2019,74;Administração;Matutino;2;False;True;2024-07-17;Mesma Cidade;False
1690;22;1067,98;Arquitetura;Integral;3;False;True;2024-04-18;Interior Estado;True
1691;24;876,14;Direito;Vespertino;1;False;False;2024-03-28;Interior Estado;False
1692;23;1724,0;Ciência da Computação;Integral;3;False;True;2024-10-20;Mesma Cidade;True
1693;22;4000,0;Engenharia;Integral;4;False;True;2024-04-05;Outro Estado;True
1694;23;1379,86;Ciência da Computação;Noturno;2;False;False;2024-07-09;Interior Estado;True
1695;21;2768,69;Medicina;Noturno;1;False;False;2024-06-23;Interior Estado;False
1696;18;800,0;Ciência da Computação;Integral;3;False;True;2024-09-16;Mesma Cidade;True
1697;24;1882,34;Outros;Matutino;4;False;True;2024-01-10;Interior Estado;True
1698;22;1155,32;Administração;Noturno;4;False;True;2024-10-21;Mesma Cidade;True
1699;17;1013,22;Direito;Noturno;3;True;True;2024-05-20;Mesma Cidade;True
1700;25;1053,05;Engenharia;Matutino;5;False;True;2024-10-20;Mesma Cidade;True
1701;22;1678,97;Engenharia;Integral;1;True;False;2024-10-27;Mesma Cidade;True
1702;20;3467,67;Administração;Matutino;1;False;False;2024-11-28;Interior Estado;False
1703;17;1342,58;Engenharia;Noturno;1;True;False;2024-08-06;Outro Estado;True
1704;24;3358,59;Outros;Integral;1;False;False;2024-10-25;Mesma Cidade;True
1705;24;2563,26;Administração;Matutino;3;False;True;2024-04-22;Outro Estado;True
1706;20;800,0;Ciência da Computação;Noturno;2;True;False;2024-08-29;Outro Estado;True
1707;25;2183,15;Engenharia;Noturno;2;False;True;2024-09-03;Outro Estado;True
1708;20;800,0;Engenharia;Integral;2;False;True;2024-02-18;Mesma Cidade;True
1709;17;903,88;Ciência da Computação;Matutino;5;False;True;2024-04-01;Interior Estado;False
1710;22;1023,33;Outros;Vespertino;4;False;True;2024-08-21;Interior Estado;True
1711;24;800,0;Ciência da Computação;Vespertino;3;False;False;2024-08-29;Interior Estado;True
1712;28;3816,58;Engenharia;Matutino;2;False;False;2024-10-21;Interior Estado;True
1713;21;2752,56;Administração;Noturno;4;True;True;2024-06-17;Mesma Cidade;True
1714;23;800,0;Engenharia;Noturno;2;False;True;2024-08-11;Interior Estado;True
1715;22;1645,69;Engenharia;Integral;2;True;True;2024-07-17;Outro Estado;True
1716;29;1287,54;Arquitetura;Matutino;4;False;True;2024-10-22;Mesma Cidade;True
1717;24;1849,84;Outros;Vespertino;5;False;False;2024-01-15;Interior Estado;False
1718;21;1927,06;Engenharia;Noturno;5;False;False;2024-11-18;Interior Estado;True
1719;18;1100,71;Psicologia;Vespertino;4;False;False;2024-12-19;Mesma Cidade;True
1720;22;3040,78;Arquitetura;Noturno;2;True;True;2024-01-26;Mesma Cidade;False
1721;21;1610,16;Psicologia;Noturno;2;False;False;2024-11-30;Mesma Cidade;True
1722;23;800,0;Outros;Vespertino;2;True;True;2024-06-28;Interior Estado;True
1723;27;800,0;Medicina;Matutino;2;False;False;2024-06-13;Outro Estado;False
1724;17;1621,54;Arquitetura;Noturno;5;False;True;2024-07-30;Outro Estado;True
1725;22;2826,24;Arquitetura;Noturno;3;False;False;2024-06-18;Interior Estado;True
1726;19;1120,84;Administração;Integral;3;False;True;2024-08-09;Outro Estado;True
1727;24;800,0;Ciência da Computação;Noturno;4;False;False;2024-08-05;Mesma Cidade;True
1728;23;1756,38;Direito;Matutino;5;False;True;2024-05-02;Mesma Cidade;True
1729;25;1489,28;Outros;Vespertino;2;False;True;2024-06-03;Outro Estado;False
1730;23;1583,62;Direito;Noturno;5;True;False;2024-04-03;Mesma Cidade;True
1731;20;800,0;Outros;Vespertino;2;True;True;2024-11-19;Mesma Cidade;False
1732;19;1112,84;Engenharia;Vespertino;4;False;True;2024-12-07;Mesma Cidade;False
1733;21;800,0;Psicologia;Vespertino;3;True;True;2024-02-23;Mesma Cidade;True
1734;23;800,0;Psicologia;Noturno;1;True;True;2024-10-19;Interior Estado;True
1735;20;1091,54;Ciência da Computação;Noturno;5;True;False;2024-06-16;Mesma Cidade;True
1736;26;800,0;Ciência da Computação;Noturno;2;False;True;2024-10-11;Outro Estado;True
1737;19;1137,51;Ciência da Computação;Vespertino;4;False;True;2024-07-23;Outro Estado;True
1738;29;4000,0;Ciência da Computação;Vespertino;2;True;False;2024-09-13;Interior Estado;False
1739;29;2364,69;Outros;Vespertino;5;False;False;2024-11-02;Interior Estado;True
1740;18;912,07;Administração;Vespertino;3;False;True;2024-07-25;Outro Estado;False
1741;29;800,0;Arquitetura;Matutino;4;False;True;2024-08-26;Interior Estado;True
1742;17;4000,0;Outros;Vespertino;5;False;False;2024-09-29;Interior Estado;True
1743;23;843,46;Ciência da Computação;Noturno;2;False;False;2024-05-13;Mesma Cidade;False
1744;21;2596,12;Ciência da Computação;Noturno;3;False;True;2024-10-04;Interior Estado;False
1745;28;1216,63;Administração;Matutino;4;False;False;2024-03-06;Interior Estado;True
1746;20;2069,0;Engenharia;Vespertino;3;False;True;2024-05-14;Interior Estado;False
1747;22;3253,39;Administração;Noturno;4;False;False;2024-08-06;Outro Estado;True
1748;24;1110,96;Ciência da Computação;Matutino;1;True;True;2024-09-22;Mesma Cidade;True
1749;25;1260,42;Outros;Noturno;1;False;False;2024-02-25;Interior Estado;False
1750;22;2761,64;Engenharia;Matutino;4;False;False;2024-10-24;Mesma Cidade;True
1751;20;2237,68;Administração;Matutino;4;False;False;2024-05-05;Interior Estado;True
1752;25;800,0;Engenharia;Matutino;1;True;True;2024-08-14;Mesma Cidade;True
1753;17;1384,95;Administração;Noturno;4;False;False;2024-01-15;Interior Estado;True
1754;24;800,0;Psicologia;Integral;1;False;False;2024-11-20;Outro Estado;False
1755;23;800,0;Arquitetura;Integral;1;False;True;2024-04-15;Outro Estado;True
1756;24;800,0;Outros;Noturno;3;False;True;2024-09-05;Mesma Cidade;False
1757;22;1699,13;Outros;Matutino;1;True;True;2024-08-05;Interior Estado;True
1758;27;2494,86;Engenharia;Integral;4;True;True;2024-07-31;Interior Estado;True
1759;21;867,56;Engenharia;Noturno;3;True;True;2024-11-26;Interior Estado;False
1760;25;802,6;Ciência da Computação;Noturno;2;False;True;2024-06-30;Interior Estado;True
1761;29;805,04;Direito;Noturno;4;True;False;2024-10-08;Mesma Cidade;True
1762;22;2494,51;Ciência da Computação;Noturno;1;False;True;2024-12-09;Outro Estado;True
1763;22;1030,65;Medicina;Matutino;5;True;True;2024-09-13;Mesma Cidade;True
1764;22;895,49;Outros;Vespertino;3;False;False;2024-09-19;Mesma Cidade;True
1765;18;2410,99;Administração;Integral;1;False;True;2024-08-16;Outro Estado;True
1766;17;1147,7;Engenharia;Noturno;2;False;True;2024-09-22;Mesma Cidade;False
1767;21;801,05;Direito;Vespertino;3;True;True;2024-03-10;Interior Estado;True
1768;23;800,0;Direito;Vespertino;2;False;True;2024-06-23;Mesma Cidade;False
1769;22;922,48;Arquitetura;Matutino;1;False;True;2024-05-13;Mesma Cidade;True
1770;18;800,0;Psicologia;Noturno;3;True;False;2024-06-12;Outro Estado;True
1771;17;1149,08;Direito;Vespertino;4;False;True;2024-10-01;Mesma Cidade;True
1772;24;940,48;Administração;Matutino;3;False;True;2024-11-08;Interior Estado;True
1773;18;1285,93;Direito;Matutino;2;False;False;2024-08-15;Mesma Cidade;False
1774;29;1239,18;Administração;Matutino;3;True;True;2024-11-15;Outro Estado;True
1775;22;800,0;Administração;Integral;1;False;False;2024-04-30;Mesma Cidade;True
1776;21;2282,78;Psicologia;Matutino;5;False;False;2024-12-17;Interior Estado;True
1777;23;800,0;Outros;Noturno;2;False;True;2024-03-02;Interior Estado;True
1778;29;800,0;Ciência da Computação;Matutino;2;False;True;2024-10-11;Mesma Cidade;True
1779;24;1140,98;Direito;Noturno;3;False;True;2024-08-12;Outro Estado;True
1780;22;807,62;Administração;Noturno;1;False;True;2024-08-08;Mesma Cidade;True
1781;20;2010,85;Arquitetura;Vespertino;1;False;False;2024-09-30;Interior Estado;False
1782;21;1184,77;Direito;Integral;1;False;True;2024-03-12;Outro Estado;True
1783;26;958,26;Medicina;Matutino;4;False;True;2024-12-17;Mesma Cidade;True
1784;22;3269,62;Ciência da Computação;Integral;4;False;False;2024-04-19;Outro Estado;True
1785;21;800,0;Direito;Matutino;1;False;True;2024-01-10;Outro Estado;True
1786;22;1087,65;Ciência da Computação;Noturno;5;False;True;2024-07-29;Mesma Cidade;True
1787;20;1057,65;Administração;Matutino;3;False;True;2024-02-05;Mesma Cidade;True
1788;19;1022,34;Direito;Matutino;3;False;True;2024-12-20;Interior Estado;True
1789;19;2436,31;Administração;Noturno;2;False;True;2024-05-30;Mesma Cidade;True
1790;25;1339,79;Outros;Matutino;1;False;True;2024-01-08;Interior Estado;True
1791;21;800,0;Direito;Noturno;5;True;True;2024-09-05;Mesma Cidade;True
1792;22;838,62;Medicina;Integral;4;False;False;2024-04-02;Mesma Cidade;True
1793;21;1189,47;Direito;Noturno;3;False;True;2024-12-28;Outro Estado;True
1794;22;833,14;Arquitetura;Integral;2;False;True;2024-10-23;Interior Estado;True
1795;23;800,0;Ciência da Computação;Noturno;1;False;False;2024-11-05;Mesma Cidade;True
1796;23;2044,96;Medicina;Noturno;4;False;False;2024-02-14;Mesma Cidade;True
1797;21;3426,52;Engenharia;Noturno;2;False;False;2024-01-25;Mesma Cidade;False
1798;23;1392,79;Psicologia;Matutino;2;False;False;2024-01-27;Interior Estado;True
1799;23;1065,02;Administração;Vespertino;3;False;True;2024-01-07;Interior Estado;True
1800;25;1939,47;Engenharia;Vespertino;5;False;False;2024-07-21;Outro Estado;True
1801;27;800,0;Psicologia;Integral;2;True;False;2024-04-26;Interior Estado;False
1802;23;1344,82;Engenharia;Noturno;3;False;False;2024-04-10;Mesma Cidade;True
1803;22;2533,52;Outros;Matutino;1;False;False;2024-01-28;Interior Estado;False
1804;23;3032,32;Psicologia;Vespertino;1;False;False;2024-04-21;Interior Estado;True
1805;26;800,0;Arquitetura;Integral;2;False;False;2024-10-09;Mesma Cidade;True
1806;22;1941,41;Engenharia;Matutino;1;False;False;2024-06-21;Interior Estado;False
1807;22;2038,86;Administração;Vespertino;4;True;True;2024-04-14;Outro Estado;False
1808;23;1940,51;Outros;Integral;1;True;True;2024-03-03;Mesma Cidade;False
1809;25;1730,88;Direito;Matutino;1;False;False;2024-01-12;Mesma Cidade;False
1810;20;1731,91;Ciência da Computação;Integral;1;True;True;2024-05-30;Interior Estado;True
1811;21;958,79;Ciência da Computação;Vespertino;1;True;True;2024-04-17;Mesma Cidade;True
1812;21;800,0;Direito;Matutino;1;False;True;2024-04-03;Interior Estado;False
1813;28;3146,9;Administração;Vespertino;5;False;True;2024-07-06;Mesma Cidade;True
1814;22;4000,0;Engenharia;Noturno;2;False;False;2024-08-26;Mesma Cidade;True
1815;17;2171,29;Engenharia;Integral;1;False;True;2024-08-17;Interior Estado;True
1816;20;1726,48;Engenharia;Noturno;4;False;False;2024-08-04;Outro Estado;False
1817;24;2433,48;Direito;Matutino;2;False;True;2024-08-20;Outro Estado;True
1818;17;800,0;Outros;Integral;5;False;False;2024-06-21;Mesma Cidade;False
1819;29;1084,76;Outros;Matutino;3;False;True;2024-09-13;Mesma Cidade;False
1820;28;1177,29;Administração;Noturno;4;False;True;2024-01-14;Interior Estado;True
1821;29;1474,91;Direito;Integral;4;True;False;2024-05-11;Mesma Cidade;False
1822;22;2148,24;Medicina;Vespertino;2;False;False;2024-10-12;Interior Estado;True
1823;18;3195,16;Ciência da Computação;Noturno;5;True;False;2024-01-06;Interior Estado;True
1824;23;817,83;Outros;Integral;2;True;True;2024-02-16;Interior Estado;False
1825;22;1171,19;Arquitetura;Noturno;3;False;True;2024-04-18;Mesma Cidade;True
1826;18;1285,95;Administração;Noturno;3;True;False;2024-10-25;Interior Estado;True
1827;23;4000,0;Medicina;Noturno;4;True;False;2024-08-26;Interior Estado;True
1828;23;4000,0;Engenharia;Vespertino;1;False;True;2024-12-14;Interior Estado;True
1829;23;2178,14;Administração;Matutino;4;True;True;2024-02-08;Outro Estado;True
1830;21;903,88;Direito;Noturno;3;False;False;2024-06-24;Outro Estado;True
1831;25;800,0;Administração;Vespertino;5;False;True;2024-06-09;Mesma Cidade;True
1832;29;1077,63;Ciência da Computação;Matutino;1;True;True;2024-11-12;Interior Estado;False
1833;24;957,46;Engenharia;Matutino;5;False;False;2024-09-12;Mesma Cidade;True
1834;20;1976,97;Engenharia;Matutino;5;True;True;2024-09-03;Interior Estado;True
1835;21;1070,48;Engenharia;Noturno;2;False;True;2024-05-20;Mesma Cidade;False
1836;22;2147,06;Direito;Integral;5;False;False;2024-11-30;Interior Estado;True
1837;28;2410,48;Medicina;Vespertino;5;False;True;2024-11-17;Interior Estado;True
1838;18;1517,4;Engenharia;Integral;4;False;False;2024-04-11;Mesma Cidade;True
1839;28;1317,3;Ciência da Computação;Noturno;2;False;True;2024-02-25;Interior Estado;True
1840;21;1002,37;Direito;Vespertino;4;False;True;2024-05-05;Mesma Cidade;True
1841;26;800,0;Engenharia;Matutino;1;False;True;2024-07-02;Interior Estado;False
1842;24;1730,0;Administração;Matutino;5;True;True;2024-07-16;Interior Estado;False
1843;25;853,93;Direito;Integral;4;True;True;2024-01-29;Mesma Cidade;False
1844;25;1027,52;Outros;Integral;3;False;False;2024-04-07;Mesma Cidade;False
1845;25;3484,95;Ciência da Computação;Integral;4;False;True;2024-08-28;Outro Estado;True
1846;20;1173,17;Medicina;Noturno;2;False;True;2024-11-17;Outro Estado;True
1847;18;2728,26;Outros;Matutino;2;True;True;2024-08-16;Interior Estado;True
1848;24;2461,35;Medicina;Integral;2;True;True;2024-06-23;Mesma Cidade;True
1849;22;1076,93;Outros;Vespertino;2;False;True;2024-07-23;Mesma Cidade;True
1850;23;800,0;Direito;Noturno;3;False;False;2024-08-10;Mesma Cidade;True
1851;21;942,53;Outros;Matutino;1;True;True;2024-12-11;Mesma Cidade;False
1852;17;2071,14;Outros;Vespertino;2;False;True;2024-12-19;Outro Estado;True
1853;23;800,0;Ciência da Computação;Integral;3;False;False;2024-12-01;Mesma Cidade;True
1854;23;2625,77;Engenharia;Vespertino;5;False;True;2024-08-30;Mesma Cidade;True
1855;21;959,92;Arquitetura;Integral;4;False;False;2024-03-13;Mesma Cidade;False
1856;17;2183,96;Psicologia;Noturno;5;False;True;2024-05-07;Mesma Cidade;True
1857;19;1018,15;Engenharia;Noturno;1;True;False;2024-02-20;Mesma Cidade;True
1858;23;1739,23;Administração;Matutino;5;True;True;2024-06-14;Interior Estado;True
1859;18;1121,63;Arquitetura;Vespertino;3;True;True;2024-10-30;Mesma Cidade;True
1860;23;1490,01;Administração;Noturno;3;False;True;2024-02-08;Mesma Cidade;True
1861;19;1929,68;Direito;Noturno;5;False;True;2024-04-10;Interior Estado;True
1862;20;876,38;Outros;Matutino;5;False;False;2024-04-28;Outro Estado;True
1863;22;2612,07;Administração;Noturno;4;False;True;2024-04-08;Interior Estado;True
1864;19;800,0;Administração;Vespertino;2;False;True;2024-01-09;Mesma Cidade;True
1865;24;800,0;Ciência da Computação;Noturno;2;False;False;2024-05-24;Mesma Cidade;True
1866;18;2588,21;Outros;Matutino;2;False;True;2024-06-20;Interior Estado;True
1867;17;2128,14;Psicologia;Noturno;3;False;True;2024-01-15;Mesma Cidade;True
1868;29;3573,74;Direito;Integral;4;True;True;2024-01-23;Outro Estado;True
1869;23;1425,04;Medicina;Noturno;1;True;True;2024-12-20;Mesma Cidade;True
1870;21;2386,96;Engenharia;Matutino;5;False;True;2024-10-01;Mesma Cidade;True
1871;23;1838,49;Medicina;Noturno;4;False;True;2024-08-04;Mesma Cidade;False
1872;24;800,0;Direito;Integral;4;False;True;2024-10-02;Mesma Cidade;True
1873;19;2392,91;Arquitetura;Noturno;1;False;True;2024-08-10;Interior Estado;False
1874;19;1006,88;Arquitetura;Noturno;5;False;True;2024-08-24;Mesma Cidade;False
1875;24;943,81;Administração;Noturno;2;False;False;2024-09-18;Mesma Cidade;False
1876;24;1388,37;Direito;Noturno;3;False;True;2024-04-25;Mesma Cidade;False
1877;18;1174,19;Administração;Integral;5;False;True;2024-12-25;Interior Estado;True
1878;18;2030,85;Engenharia;Integral;1;False;True;2024-08-08;Mesma Cidade;True
1879;25;3821,75;Psicologia;Vespertino;3;False;False;2024-06-06;Interior Estado;True
1880;26;1273,6;Engenharia;Noturno;3;True;True;2024-04-16;Mesma Cidade;False
1881;19;1628,9;Administração;Matutino;3;False;True;2024-06-22;Outro Estado;True
1882;23;800,0;Arquitetura;Noturno;5;False;False;2024-07-08;Interior Estado;True
1883;23;901,26;Ciência da Computação;Integral;2;True;False;2024-08-16;Mesma Cidade;True
1884;22;800,0;Direito;Noturno;5;False;True;2024-01-31;Interior Estado;True
1885;24;817,21;Medicina;Integral;2;True;False;2024-10-19;Interior Estado;True
1886;23;878,4;Arquitetura;Vespertino;5;False;False;2024-07-21;Mesma Cidade;True
1887;26;2159,5;Direito;Vespertino;2;False;False;2024-07-22;Interior Estado;False
1888;21;1785,02;Ciência da Computação;Matutino;3;False;False;2024-11-03;Interior Estado;True
1889;20;912,22;Engenharia;Matutino;5;False;False;2024-01-08;Outro Estado;True
1890;22;2018,99;Outros;Noturno;5;False;False;2024-01-12;Mesma Cidade;True
1891;22;800,0;Direito;Vespertino;3;False;True;2024-07-03;Mesma Cidade;True
1892;18;1582,91;Arquitetura;Vespertino;3;True;False;2024-08-28;Mesma Cidade;True
1893;22;800,0;Direito;Integral;5;False;False;2024-07-31;Interior Estado;True
1894;20;4000,0;Administração;Integral;1;False;True;2024-04-07;Interior Estado;True
1895;24;833,75;Ciência da Computação;Noturno;3;True;False;2024-08-07;Interior Estado;True
1896;21;1114,36;Ciência da Computação;Noturno;1;False;False;2024-09-18;Outro Estado;True
1897;20;3058,13;Psicologia;Noturno;1;False;True;2024-09-19;Mesma Cidade;True
1898;18;1794,2;Engenharia;Vespertino;2;True;True;2024-03-13;Outro Estado;True
1899;26;1280,65;Ciência da Computação;Matutino;3;False;False;2024-07-06;Mesma Cidade;True
1900;24;1743,04;Engenharia;Noturno;2;True;False;2024-01-13;Mesma Cidade;True
1901;17;1589,16;Engenharia;Noturno;5;False;True;2024-02-07;Interior Estado;True
1902;23;1213,36;Administração;Matutino;3;False;False;2024-12-02;Mesma Cidade;True
1903;26;800,0;Ciência da Computação;Vespertino;2;False;True;2024-09-12;Interior Estado;True
1904;24;4000,0;Ciência da Computação;Integral;4;True;True;2024-07-04;Mesma Cidade;False
1905;22;880,62;Outros;Matutino;4;False;False;2024-03-14;Outro Estado;False
1906;19;800,0;Administração;Matutino;1;True;True;2024-11-26;Mesma Cidade;True
1907;19;986,54;Outros;Matutino;3;False;False;2024-05-11;Interior Estado;True
1908;19;3974,75;Arquitetura;Matutino;5;False;False;2024-07-21;Interior Estado;True
1909;19;800,0;Engenharia;Noturno;5;True;False;2024-12-02;Outro Estado;True
1910;22;3706,03;Outros;Matutino;3;False;False;2024-01-17;Interior Estado;True
1911;25;2845,19;Direito;Noturno;2;False;True;2024-08-31;Mesma Cidade;True
1912;27;1797,78;Engenharia;Matutino;5;False;True;2024-03-29;Mesma Cidade;True
1913;21;821,66;Administração;Noturno;4;False;False;2024-06-13;Mesma Cidade;False
1914;22;1092,61;Outros;Noturno;2;False;False;2024-04-17;Outro Estado;True
1915;28;1139,45;Direito;Noturno;1;False;True;2024-09-03;Interior Estado;True
1916;23;1190,66;Direito;Noturno;3;False;True;2024-02-02;Outro Estado;True
1917;26;2469,16;Outros;Matutino;1;False;True;2024-01-03;Interior Estado;False
1918;18;1470,82;Outros;Noturno;5;False;False;2024-09-08;Mesma Cidade;False
1919;20;1096,38;Ciência da Computação;Noturno;2;False;False;2024-01-04;Outro Estado;False
1920;19;2677,11;Outros;Integral;1;False;False;2024-07-07;Outro Estado;False
1921;21;829,09;Ciência da Computação;Matutino;1;False;True;2024-01-03;Interior Estado;True
1922;19;945,77;Outros;Noturno;3;False;True;2024-08-19;Outro Estado;False
1923;22;3109,89;Medicina;Matutino;4;True;False;2024-10-09;Outro Estado;True
1924;27;2879,29;Outros;Noturno;5;True;False;2024-08-30;Mesma Cidade;True
1925;27;3167,04;Direito;Noturno;1;True;False;2024-07-10;Outro Estado;True
1926;22;830,78;Administração;Integral;5;True;True;2024-10-12;Mesma Cidade;True
1927;26;1051,01;Engenharia;Matutino;5;False;True;2024-02-02;Interior Estado;True
1928;25;1600,45;Psicologia;Integral;4;False;True;2024-05-07;Mesma Cidade;True
1929;19;2384,5;Engenharia;Noturno;2;False;True;2024-09-30;Interior Estado;True
1930;23;4000,0;Engenharia;Integral;1;True;True;2024-04-24;Outro Estado;False
1931;23;1755,71;Direito;Integral;4;False;True;2024-04-04;Interior Estado;True
1932;19;800,0;Direito;Matutino;1;False;True;2024-10-19;Interior Estado;True
1933;20;2088,04;Engenharia;Noturno;1;True;True;2024-08-28;Interior Estado;True
1934;21;4000,0;Outros;Matutino;3;False;False;2024-07-26;Outro Estado;True
1935;17;944,05;Engenharia;Matutino;1;False;True;2024-04-23;Outro Estado;True
1936;20;1346,53;Engenharia;Matutino;1;True;True;2024-10-07;Interior Estado;False
1937;18;2640,32;Direito;Matutino;2;True;False;2024-03-06;Outro Estado;False
1938;22;800,0;Psicologia;Noturno;2;False;True;2024-10-30;Outro Estado;True
1939;19;1118,7;Medicina;Noturno;2;False;False;2024-09-23;Interior Estado;True
1940;24;1151,4;Engenharia;Vespertino;2;False;True;2024-08-27;Interior Estado;True
1941;22;1970,92;Ciência da Computação;Integral;3;False;False;2024-09-03;Mesma Cidade;False
1942;18;1046,56;Psicologia;Vespertino;5;False;True;2024-01-13;Mesma Cidade;True
1943;21;1355,82;Ciência da Computação;Noturno;5;True;False;2024-10-24;Mesma Cidade;True
1944;24;800,0;Direito;Vespertino;3;True;False;2024-06-01;Interior Estado;True
1945;22;800,0;Outros;Noturno;1;False;True;2024-10-13;Outro Estado;True
1946;18;1060,98;Administração;Vespertino;4;False;True;2024-09-17;Interior Estado;True
1947;22;2457,14;Direito;Noturno;3;False;False;2024-06-03;Outro Estado;True
1948;28;829,99;Outros;Integral;2;True;True;2024-11-25;Mesma Cidade;True
1949;23;1068,62;Arquitetura;Noturno;3;False;False;2024-10-23;Interior Estado;True
1950;21;1298,75;Outros;Matutino;4;False;False;2024-08-20;Interior Estado;True
1951;22;827,0;Ciência da Computação;Integral;2;False;True;2024-04-23;Outro Estado;True
1952;24;800,0;Arquitetura;Integral;1;False;True;2024-05-13;Mesma Cidade;True
1953;20;1034,36;Administração;Noturno;1;False;False;2024-12-14;Interior Estado;True
1954;21;968,06;Administração;Noturno;3;False;False;2024-04-07;Interior Estado;True
1955;17;800,0;Direito;Noturno;4;False;False;2024-06-03;Interior Estado;True
1956;24;1224,11;Engenharia;Matutino;2;True;True;2024-04-01;Mesma Cidade;True
1957;17;1842,88;Administração;Noturno;4;True;True;2024-09-06;Interior Estado;True
1958;21;800,0;Arquitetura;Noturno;3;True;True;2024-08-13;Mesma Cidade;False
1959;22;1389,84;Direito;Matutino;3;False;True;2024-03-08;Interior Estado;True
1960;18;835,17;Outros;Noturno;1;False;False;2024-01-22;Mesma Cidade;False
1961;22;1833,0;Engenharia;Integral;1;False;False;2024-09-29;Mesma Cidade;False
1962;23;1193,76;Medicina;Matutino;1;True;True;2024-01-15;Outro Estado;True
1963;22;1222,58;Ciência da Computação;Integral;5;False;False;2024-06-24;Mesma Cidade;True
1964;23;1430,29;Engenharia;Vespertino;3;False;False;2024-08-20;Outro Estado;False
1965;21;1049,7;Administração;Matutino;1;False;True;2024-07-20;Mesma Cidade;True
1966;20;1376,75;Administração;Vespertino;1;False;True;2024-04-23;Interior Estado;True
1967;28;1810,29;Arquitetura;Noturno;4;True;True;2024-04-07;Mesma Cidade;True
1968;19;846,99;Engenharia;Vespertino;5;False;True;2024-05-29;Interior Estado;True
1969;17;2219,03;Engenharia;Noturno;5;False;True;2024-06-29;Interior Estado;True
1970;17;3358,91;Outros;Integral;1;True;False;2024-07-08;Outro Estado;True
1971;21;1125,05;Administração;Vespertino;1;False;True;2024-10-09;Interior Estado;True
1972;20;800,0;Administração;Matutino;4;True;True;2024-10-21;Outro Estado;True
1973;22;1369,2;Outros;Integral;3;False;False;2024-03-25;Mesma Cidade;True
1974;24;800,0;Outros;Integral;2;True;True;2024-03-26;Outro Estado;False
1975;19;800,0;Direito;Vespertino;3;False;True;2024-07-15;Outro Estado;True
1976;22;956,53;Engenharia;Noturno;3;False;True;2024-04-22;Interior Estado;True
1977;27;3311,02;Engenharia;Integral;1;False;True;2024-07-07;Mesma Cidade;True
1978;18;873,23;Engenharia;Matutino;1;False;True;2024-01-14;Outro Estado;True
1979;25;1376,2;Ciência da Computação;Integral;4;False;True;2024-02-10;Mesma Cidade;True
1980;25;1057,9;Administração;Vespertino;1;True;False;2024-11-21;Outro Estado;True
1981;21;800,0;Ciência da Computação;Vespertino;4;False;True;2024-05-24;Interior Estado;True
1982;24;1147,14;Engenharia;Matutino;2;False;True;2024-04-10;Mesma Cidade;True
1983;22;1211,4;Engenharia;Vespertino;1;True;True;2024-09-15;Interior Estado;True
1984;17;1571,44;Engenharia;Matutino;5;False;True;2024-09-17;Mesma Cidade;True
1985;20;1363,47;Administração;Matutino;1;False;True;2024-08-10;Mesma Cidade;True
1986;19;3387,75;Engenharia;Integral;4;False;True;2024-01-31;Mesma Cidade;True
1987;22;2904,9;Administração;Noturno;5;False;False;2024-12-14;Mesma Cidade;False
1988;22;800,0;Psicologia;Noturno;1;False;False;2024-07-30;Interior Estado;True
1989;25;913,29;Outros;Noturno;2;False;False;2024-11-20;Interior Estado;True
1990;26;4000,0;Engenharia;Noturno;1;False;False;2024-08-18;Mesma Cidade;False
1991;21;1011,56;Direito;Vespertino;1;False;True;2024-11-30;Outro Estado;True
1992;23;1113,98;Ciência da Computação;Matutino;1;False;True;2024-07-19;Mesma Cidade;True
1993;21;1044,59;Outros;Matutino;3;False;False;2024-08-10;Outro Estado;True
1994;25;1056,07;Administração;Integral;4;False;True;2024-10-30;Interior Estado;True
1995;22;2619,91;Outros;Noturno;4;False;True;2024-01-16;Interior Estado;True
1996;22;4000,0;Engenharia;Noturno;3;False;False;2024-02-27;Interior Estado;True
1997;28;1956,43;Administração;Vespertino;2;False;True;2024-01-30;Interior Estado;True
1998;21;3393,16;Outros;Matutino;5;False;True;2024-09-18;Interior Estado;True
1999;26;800,0;Arquitetura;Integral;1;True;True;2024-09-07;Outro Estado;True
2000;23;1385,79;Direito;Noturno;5;False;True;2024-08-03;Interior Estado;True
2001;24;904,17;Direito;Vespertino;4;False;True;2024-03-10;Mesma Cidade;True
2002;17;2157,46;Ciência da Computação;Matutino;5;False;True;2024-12-31;Outro Estado;True
2003;21;1186,91;Medicina;Vespertino;1;False;False;2024-04-15;Outro Estado;True
2004;21;1354,67;Direito;Noturno;4;False;False;2024-06-28;Interior Estado;False
2005;25;1784,82;Administração;Noturno;3;False;False;2024-04-15;Mesma Cidade;True
2006;24;1141,7;Engenharia;Integral;3;False;True;2024-05-22;Outro Estado;True
2007;25;1405,25;Medicina;Matutino;4;False;True;2024-05-03;Mesma Cidade;True
2008;24;800,0;Outros;Vespertino;2;True;False;2024-10-31;Mesma Cidade;True
2009;27;2487,01;Medicina;Vespertino;1;True;False;2024-12-21;Interior Estado;True
2010;21;3128,6;Direito;Matutino;1;False;True;2024-07-04;Interior Estado;True
2011;24;800,0;Outros;Integral;1;False;True;2024-07-02;Mesma Cidade;True
2012;21;800,0;Engenharia;Vespertino;5;False;False;2024-12-14;Interior Estado;True
2013;20;913,13;Administração;Integral;3;False;True;2024-12-02;Mesma Cidade;True
2014;23;800,0;Engenharia;Vespertino;4;True;False;2024-06-08;Outro Estado;True
2015;20;1385,0;Administração;Matutino;2;False;False;2024-08-24;Outro Estado;True
2016;19;800,0;Ciência da Computação;Vespertino;5;True;True;2024-03-21;Interior Estado;True
2017;25;911,14;Direito;Matutino;4;True;True;2024-06-09;Interior Estado;True
2018;23;3156,61;Engenharia;Integral;3;False;True;2024-06-03;Outro Estado;True
2019;18;1952,15;Administração;Integral;5;False;True;2024-10-02;Mesma Cidade;False
2020;28;3024,93;Engenharia;Noturno;3;False;True;2024-01-21;Interior Estado;True
2021;20;938,72;Arquitetura;Integral;4;False;False;2024-08-26;Mesma Cidade;False
2022;20;4000,0;Engenharia;Integral;4;False;True;2024-05-12;Interior Estado;True
2023;19;1398,3;Outros;Noturno;4;False;True;2024-07-04;Mesma Cidade;True
2024;23;1192,6;Outros;Noturno;2;True;True;2024-01-10;Interior Estado;True
2025;27;1303,37;Direito;Vespertino;5;False;False;2024-03-25;Interior Estado;True
2026;18;1427,64;Outros;Integral;3;False;False;2024-07-30;Interior Estado;False
2027;21;3531,7;Outros;Vespertino;4;True;True;2024-04-18;Interior Estado;True
2028;25;2577,86;Outros;Integral;1;False;False;2024-06-04;Interior Estado;False
2029;28;800,0;Outros;Noturno;2;False;True;2024-12-26;Interior Estado;True
2030;25;1828,16;Direito;Matutino;5;False;True;2024-06-29;Interior Estado;True
2031;22;1497,1;Psicologia;Matutino;3;False;False;2024-05-01;Interior Estado;True
2032;20;4000,0;Ciência da Computação;Vespertino;2;True;False;2024-02-04;Mesma Cidade;False
2033;20;918,67;Administração;Integral;4;False;True;2024-03-17;Outro Estado;True
2034;22;800,0;Ciência da Computação;Integral;2;False;True;2024-08-08;Mesma Cidade;True
2035;25;4000,0;Ciência da Computação;Noturno;5;False;False;2024-10-19;Mesma Cidade;True
2036;28;3363,77;Arquitetura;Noturno;2;True;False;2024-08-18;Mesma Cidade;False
2037;26;2020,51;Engenharia;Vespertino;2;True;True;2024-02-18;Mesma Cidade;True
2038;22;3369,05;Administração;Vespertino;1;False;True;2024-06-17;Mesma Cidade;True
2039;27;1490,4;Administração;Integral;4;False;True;2024-09-18;Interior Estado;True
2040;19;800,0;Ciência da Computação;Vespertino;3;True;False;2024-12-23;Interior Estado;True
2041;28;3734,28;Ciência da Computação;Vespertino;3;False;True;2024-08-18;Interior Estado;False
2042;21;3534,41;Administração;Noturno;2;False;True;2024-06-15;Interior Estado;False
2043;21;1994,56;Ciência da Computação;Integral;1;False;True;2024-10-01;Mesma Cidade;True
2044;28;1002,47;Outros;Integral;1;False;False;2024-06-29;Outro Estado;True
2045;18;800,0;Administração;Noturno;3;False;False;2024-11-16;Outro Estado;False
2046;20;4000,0;Arquitetura;Vespertino;3;False;True;2024-02-03;Interior Estado;True
2047;21;800,0;Engenharia;Vespertino;5;False;True;2024-05-09;Interior Estado;True
2048;20;800,0;Engenharia;Matutino;3;False;True;2024-06-29;Outro Estado;True
2049;21;1502,7;Outros;Noturno;4;False;False;2024-08-19;Interior Estado;True
2050;17;3070,33;Outros;Vespertino;1;False;True;2024-01-22;Interior Estado;True
2051;21;4000,0;Direito;Matutino;1;False;True;2024-12-15;Mesma Cidade;False
2052;22;1321,55;Ciência da Computação;Noturno;5;True;True;2024-10-28;Mesma Cidade;True
2053;24;800,0;Administração;Noturno;2;False;False;2024-01-28;Interior Estado;True
2054;25;800,0;Administração;Matutino;5;False;False;2024-09-22;Outro Estado;True
2055;17;2016,67;Medicina;Noturno;2;True;True;2024-11-30;Outro Estado;False
2056;18;1393,09;Ciência da Computação;Noturno;5;False;False;2024-09-06;Interior Estado;False
2057;17;800,0;Direito;Noturno;2;True;True;2024-12-23;Interior Estado;True
2058;23;1636,69;Medicina;Matutino;1;False;False;2024-10-14;Mesma Cidade;True
2059;22;1284,22;Engenharia;Matutino;1;False;True;2024-12-19;Interior Estado;True
2060;23;1279,01;Direito;Matutino;1;False;False;2024-07-17;Outro Estado;True
2061;26;1879,35;Engenharia;Vespertino;5;False;True;2024-12-25;Interior Estado;True
2062;22;3038,57;Psicologia;Matutino;2;False;True;2024-05-31;Interior Estado;False
2063;24;2779,0;Administração;Noturno;1;True;True;2024-06-30;Mesma Cidade;False
2064;25;887,31;Administração;Noturno;1;True;False;2024-12-10;Mesma Cidade;False
2065;22;2276,01;Ciência da Computação;Noturno;5;True;True;2024-04-14;Interior Estado;True
2066;23;3026,88;Ciência da Computação;Matutino;1;True;True;2024-07-29;Interior Estado;True
2067;24;800,0;Medicina;Noturno;1;False;False;2024-06-04;Mesma Cidade;True
2068;29;800,0;Psicologia;Integral;1;False;True;2024-03-08;Interior Estado;False
2069;21;2071,09;Administração;Noturno;5;False;True;2024-05-30;Interior Estado;False
2070;17;1186,83;Outros;Vespertino;2;False;True;2024-04-29;Outro Estado;True
2071;20;1897,53;Ciência da Computação;Matutino;4;False;True;2024-12-07;Mesma Cidade;True
2072;21;1864,15;Administração;Integral;2;False;True;2024-01-27;Mesma Cidade;True
2073;24;2559,62;Arquitetura;Matutino;1;True;True;2024-01-21;Outro Estado;True
2074;28;2263,12;Direito;Matutino;5;False;True;2024-01-25;Interior Estado;True
2075;18;1804,79;Engenharia;Matutino;2;False;False;2024-05-19;Outro Estado;True
2076;20;800,0;Psicologia;Noturno;4;False;True;2024-07-12;Interior Estado;True
2077;18;2660,73;Administração;Noturno;2;True;True;2024-04-29;Mesma Cidade;True
2078;23;993,1;Ciência da Computação;Matutino;1;False;True;2024-12-06;Interior Estado;False
2079;19;845,3;Outros;Matutino;4;False;True;2024-12-05;Interior Estado;False
2080;20;2509,74;Direito;Noturno;2;False;True;2024-08-06;Outro Estado;True
2081;19;4000,0;Outros;Noturno;1;True;True;2024-04-21;Mesma Cidade;True
2082;19;800,0;Engenharia;Noturno;4;False;True;2024-12-04;Outro Estado;True
2083;25;1864,34;Administração;Matutino;3;False;True;2024-09-30;Mesma Cidade;False
2084;28;800,0;Psicologia;Matutino;3;False;False;2024-11-06;Mesma Cidade;True
2085;22;998,57;Engenharia;Matutino;1;False;True;2024-09-01;Mesma Cidade;True
2086;21;883,88;Administração;Matutino;2;False;True;2024-10-16;Mesma Cidade;True
2087;20;2082,58;Arquitetura;Integral;2;False;True;2024-11-24;Mesma Cidade;True
2088;25;800,0;Outros;Integral;2;False;False;2024-08-11;Mesma Cidade;False
2089;29;2600,05;Arquitetura;Noturno;5;False;False;2024-11-17;Mesma Cidade;True
2090;18;2486,45;Medicina;Vespertino;4;False;False;2024-04-02;Mesma Cidade;True
2091;18;859,93;Ciência da Computação;Matutino;2;True;False;2024-02-28;Outro Estado;False
2092;25;1891,84;Outros;Noturno;1;False;True;2024-11-29;Mesma Cidade;True
2093;18;800,0;Arquitetura;Vespertino;1;True;False;2024-09-23;Mesma Cidade;True
2094;20;882,06;Psicologia;Vespertino;1;False;True;2024-12-03;Outro Estado;True
2095;20;2249,45;Arquitetura;Vespertino;5;False;True;2024-04-12;Mesma Cidade;True
2096;17;1210,42;Engenharia;Vespertino;2;True;True;2024-04-24;Mesma Cidade;True
2097;21;2114,3;Administração;Matutino;2;False;False;2024-07-05;Outro Estado;False
2098;24;4000,0;Direito;Integral;2;True;False;2024-09-23;Outro Estado;False
2099;20;1915,98;Outros;Vespertino;3;False;True;2024-02-10;Interior Estado;True
2100;27;1020,27;Outros;Matutino;1;False;False;2024-04-19;Mesma Cidade;True
2101;21;2000,65;Engenharia;Matutino;5;False;False;2024-02-29;Mesma Cidade;True
2102;17;3106,28;Outros;Integral;1;False;False;2024-04-01;Outro Estado;True
2103;25;1680,68;Ciência da Computação;Noturno;1;False;True;2024-04-22;Outro Estado;True
2104;21;935,55;Outros;Noturno;5;False;False;2024-06-15;Mesma Cidade;True
2105;24;1252,65;Administração;Noturno;3;False;True;2024-11-04;Mesma Cidade;True
2106;21;1582,79;Engenharia;Integral;4;False;False;2024-07-04;Mesma Cidade;True
2107;20;946,16;Engenharia;Matutino;3;True;True;2024-06-20;Mesma Cidade;True
2108;21;1177,29;Outros;Noturno;3;False;False;2024-06-10;Outro Estado;True
2109;23;1629,58;Engenharia;Noturno;2;False;True;2024-05-08;Interior Estado;True
2110;23;1738,1;Arquitetura;Matutino;3;False;True;2024-05-02;Mesma Cidade;False
2111;24;1083,81;Direito;Noturno;4;False;True;2024-07-27;Mesma Cidade;True
2112;25;1042,74;Ciência da Computação;Noturno;1;False;False;2024-01-15;Mesma Cidade;False
2113;27;800,0;Psicologia;Integral;2;False;True;2024-06-24;Mesma Cidade;True
2114;26;952,29;Outros;Matutino;2;False;True;2024-10-27;Outro Estado;True
2115;26;1419,36;Psicologia;Vespertino;1;False;False;2024-08-25;Interior Estado;True
2116;23;1663,48;Outros;Noturno;4;False;True;2024-10-29;Mesma Cidade;True
2117;25;1121,25;Arquitetura;Vespertino;5;True;True;2024-06-09;Outro Estado;True
2118;21;2533,44;Engenharia;Vespertino;3;True;True;2024-08-29;Interior Estado;True
2119;21;1480,88;Administração;Noturno;2;False;True;2024-11-19;Interior Estado;True
2120;21;4000,0;Arquitetura;Matutino;1;False;True;2024-03-03;Mesma Cidade;False
2121;21;1066,77;Direito;Noturno;3;False;True;2024-10-13;Mesma Cidade;False
2122;21;1171,6;Ciência da Computação;Noturno;2;False;True;2024-02-13;Outro Estado;True
2123;23;800,0;Administração;Noturno;2;False;True;2024-07-08;Outro Estado;True
2124;24;1786,78;Psicologia;Noturno;2;False;True;2024-11-28;Interior Estado;True
2125;21;1219,67;Medicina;Matutino;1;True;True;2024-03-01;Interior Estado;True
2126;21;1882,87;Direito;Vespertino;4;False;True;2024-07-03;Interior Estado;True
2127;26;1391,13;Administração;Noturno;3;False;True;2024-07-29;Interior Estado;True
2128;18;800,0;Medicina;Vespertino;3;True;True;2024-11-06;Interior Estado;True
2129;25;1117,65;Ciência da Computação;Integral;2;True;True;2024-07-28;Mesma Cidade;True
2130;19;800,0;Administração;Noturno;1;True;True;2024-06-01;Mesma Cidade;False
2131;22;2169,29;Direito;Noturno;4;False;False;2024-11-01;Interior Estado;True
2132;25;1245,68;Engenharia;Matutino;2;True;True;2024-10-14;Interior Estado;False
2133;25;800,0;Arquitetura;Integral;2;False;False;2024-10-31;Interior Estado;True
2134;19;800,0;Arquitetura;Integral;3;False;False;2024-08-26;Interior Estado;True
2135;24;1385,87;Direito;Vespertino;4;True;True;2024-01-22;Interior Estado;True
2136;18;1384,48;Psicologia;Noturno;4;True;True;2024-02-22;Outro Estado;True
2137;23;800,0;Outros;Matutino;2;False;False;2024-04-12;Interior Estado;True
2138;18;1765,64;Engenharia;Matutino;2;False;False;2024-08-06;Interior Estado;True
2139;25;2099,62;Administração;Noturno;3;False;True;2024-12-27;Outro Estado;True
2140;19;2302,05;Engenharia;Noturno;3;False;False;2024-09-09;Mesma Cidade;True
2141;22;800,0;Ciência da Computação;Noturno;5;True;True;2024-01-05;Mesma Cidade;True
2142;28;2675,26;Arquitetura;Matutino;5;False;False;2024-09-17;Outro Estado;True
2143;22;2297,79;Ciência da Computação;Matutino;4;False;True;2024-06-15;Mesma Cidade;True
2144;24;1056,61;Medicina;Vespertino;3;False;True;2024-10-31;Outro Estado;True
2145;18;800,0;Direito;Matutino;1;False;True;2024-12-02;Outro Estado;True
2146;19;1791,19;Outros;Vespertino;1;False;True;2024-01-27;Interior Estado;False
2147;20;825,01;Direito;Noturno;4;False;True;2024-01-15;Mesma Cidade;True
2148;26;1001,39;Engenharia;Noturno;1;True;True;2024-10-17;Interior Estado;False
2149;22;1647,75;Outros;Vespertino;4;True;True;2024-07-03;Interior Estado;True
2150;21;800,0;Administração;Noturno;1;False;True;2024-12-19;Mesma Cidade;False
2151;26;1075,1;Engenharia;Noturno;2;True;True;2024-03-22;Interior Estado;False
2152;20;4000,0;Administração;Matutino;1;False;False;2024-01-14;Interior Estado;True
2153;20;1148,8;Engenharia;Noturno;3;True;True;2024-12-23;Interior Estado;False
2154;26;800,0;Ciência da Computação;Matutino;3;False;True;2024-08-06;Mesma Cidade;False
2155;24;1002,14;Medicina;Matutino;3;True;False;2024-10-06;Outro Estado;False
2156;25;1361,23;Engenharia;Noturno;2;True;True;2024-02-19;Mesma Cidade;False
2157;19;1245,38;Ciência da Computação;Integral;4;True;True;2024-08-03;Outro Estado;True
2158;20;800,0;Outros;Vespertino;3;True;True;2024-08-19;Interior Estado;True
2159;22;4000,0;Ciência da Computação;Matutino;2;False;True;2024-04-25;Mesma Cidade;True
2160;18;1029,82;Medicina;Matutino;4;False;False;2024-01-01;Interior Estado;True
2161;23;800,0;Medicina;Integral;2;True;True;2024-01-22;Mesma Cidade;True
2162;28;1630,11;Administração;Vespertino;3;False;True;2024-08-29;Interior Estado;True
2163;19;800,0;Ciência da Computação;Vespertino;4;False;True;2024-01-18;Mesma Cidade;True
2164;18;1125,59;Direito;Noturno;2;False;True;2024-02-15;Mesma Cidade;True
2165;24;800,0;Engenharia;Matutino;2;False;False;2024-06-13;Interior Estado;False
2166;23;857,99;Ciência da Computação;Noturno;1;False;True;2024-09-24;Interior Estado;True
2167;20;941,3;Direito;Noturno;2;True;True;2024-04-16;Mesma Cidade;True
2168;19;2637,94;Direito;Noturno;1;False;True;2024-02-19;Interior Estado;True
2169;25;2232,23;Outros;Matutino;4;False;True;2024-10-31;Mesma Cidade;True
2170;25;800,0;Outros;Vespertino;3;True;True;2024-04-16;Outro Estado;True
2171;17;1170,12;Outros;Noturno;5;False;True;2024-06-17;Interior Estado;True
2172;21;1423,89;Administração;Integral;5;True;True;2024-04-02;Outro Estado;True
2173;17;1013,34;Medicina;Vespertino;5;False;True;2024-06-14;Interior Estado;False
2174;25;1911,15;Outros;Noturno;4;True;True;2024-01-22;Interior Estado;False
2175;24;800,0;Outros;Vespertino;4;False;True;2024-02-03;Mesma Cidade;True
2176;22;1426,86;Outros;Matutino;2;True;False;2024-04-17;Outro Estado;True
2177;18;1308,45;Outros;Noturno;4;True;False;2024-07-06;Mesma Cidade;False
2178;25;1450,49;Engenharia;Noturno;1;False;True;2024-10-30;Mesma Cidade;False
2179;21;1359,5;Engenharia;Integral;1;True;False;2024-05-01;Interior Estado;True
2180;27;2198,07;Outros;Matutino;3;False;True;2024-01-04;Interior Estado;True
2181;25;2729,8;Administração;Integral;1;False;False;2024-04-24;Interior Estado;True
2182;28;1056,43;Ciência da Computação;Noturno;5;False;True;2024-11-16;Mesma Cidade;True
2183;23;2192,19;Engenharia;Integral;1;False;True;2024-12-18;Interior Estado;True
2184;19;1449,22;Direito;Integral;5;True;True;2024-06-02;Interior Estado;True
2185;22;3147,95;Arquitetura;Integral;1;True;False;2024-07-18;Interior Estado;True
2186;24;800,0;Administração;Matutino;5;False;False;2024-06-21;Interior Estado;True
2187;25;3240,43;Ciência da Computação;Integral;3;False;False;2024-07-21;Mesma Cidade;False
2188;18;1130,62;Outros;Matutino;4;True;True;2024-11-06;Outro Estado;False
2189;20;800,0;Arquitetura;Noturno;5;False;False;2024-03-21;Interior Estado;True
2190;25;1729,39;Psicologia;Matutino;2;False;True;2024-04-04;Outro Estado;True
2191;18;991,26;Administração;Noturno;2;False;True;2024-03-17;Mesma Cidade;True
2192;22;1307,74;Psicologia;Matutino;3;False;True;2024-10-24;Interior Estado;True
2193;29;3569,94;Ciência da Computação;Matutino;4;True;False;2024-05-03;Interior Estado;False
2194;22;1003,37;Outros;Noturno;2;False;True;2024-12-05;Interior Estado;True
2195;19;800,0;Outros;Noturno;4;True;False;2024-12-19;Mesma Cidade;True
2196;23;2221,32;Direito;Matutino;2;False;False;2024-06-22;Interior Estado;True
2197;27;972,04;Outros;Noturno;4;False;False;2024-03-24;Mesma Cidade;False
2198;17;800,0;Engenharia;Matutino;1;True;True;2024-02-03;Mesma Cidade;True
2199;17;2931,01;Arquitetura;Noturno;2;False;True;2024-03-28;Outro Estado;True
2200;27;2891,85;Engenharia;Vespertino;5;True;True;2024-12-29;Mesma Cidade;True
2201;20;800,0;Arquitetura;Matutino;4;False;False;2024-11-29;Interior Estado;True
2202;19;3318,89;Outros;Integral;3;False;True;2024-11-15;Interior Estado;True
2203;21;1278,75;Engenharia;Matutino;3;False;True;2024-02-20;Mesma Cidade;True
2204;25;2529,62;Arquitetura;Vespertino;1;True;True;2024-12-12;Outro Estado;True
2205;25;800,0;Engenharia;Integral;3;False;True;2024-04-02;Mesma Cidade;True
2206;18;1091,81;Ciência da Computação;Noturno;4;False;True;2024-10-08;Outro Estado;True
2207;24;906,37;Engenharia;Vespertino;4;True;True;2024-04-26;Mesma Cidade;True
2208;22;1820,41;Outros;Vespertino;4;True;False;2024-05-05;Mesma Cidade;True
2209;18;1016,52;Direito;Noturno;4;True;False;2024-03-18;Outro Estado;True
2210;24;800,0;Outros;Noturno;3;True;False;2024-06-30;Interior Estado;True
2211;24;800,0;Direito;Integral;2;True;True;2024-05-13;Interior Estado;False
2212;20;1310,8;Outros;Noturno;2;False;True;2024-06-19;Interior Estado;True
2213;29;4000,0;Ciência da Computação;Noturno;2;True;True;2024-04-06;Mesma Cidade;True
2214;25;2392,03;Ciência da Computação;Integral;4;False;False;2024-05-12;Outro Estado;True
2215;24;800,0;Administração;Matutino;5;False;False;2024-05-20;Mesma Cidade;True
2216;17;2688,63;Administração;Matutino;2;False;False;2024-02-07;Mesma Cidade;True
2217;17;2772,8;Engenharia;Noturno;2;False;True;2024-02-04;Mesma Cidade;True
2218;29;1205,71;Outros;Noturno;2;False;False;2024-10-15;Mesma Cidade;False
2219;21;1671,08;Outros;Vespertino;2;False;True;2024-12-30;Mesma Cidade;False
2220;19;800,0;Psicologia;Noturno;4;False;False;2024-03-15;Outro Estado;False
2221;17;1471,15;Ciência da Computação;Matutino;4;False;True;2024-04-03;Interior Estado;True
2222;18;1973,6;Ciência da Computação;Vespertino;2;False;True;2024-06-10;Mesma Cidade;True
2223;17;800,0;Engenharia;Integral;1;False;False;2024-05-15;Outro Estado;False
2224;18;1852,9;Psicologia;Vespertino;3;False;True;2024-07-03;Interior Estado;True
2225;17;1999,61;Administração;Integral;5;True;False;2024-04-04;Mesma Cidade;False
2226;20;1763,06;Ciência da Computação;Noturno;1;False;True;2024-07-20;Interior Estado;True
2227;25;1456,44;Medicina;Noturno;4;True;True;2024-06-27;Interior Estado;False
2228;19;1744,97;Administração;Integral;2;False;False;2024-11-23;Interior Estado;True
2229;17;2454,3;Engenharia;Integral;4;False;True;2024-09-24;Mesma Cidade;True
2230;17;800,0;Administração;Integral;2;False;True;2024-02-16;Interior Estado;True
2231;18;1361,33;Outros;Noturno;1;False;False;2024-01-26;Outro Estado;False
2232;23;4000,0;Arquitetura;Noturno;1;False;True;2024-09-27;Mesma Cidade;True
2233;20;3707,51;Ciência da Computação;Noturno;1;False;False;2024-09-10;Interior Estado;False
2234;25;3135,37;Engenharia;Vespertino;2;False;True;2024-04-24;Interior Estado;True
2235;17;800,0;Direito;Integral;1;True;True;2024-09-23;Mesma Cidade;True
2236;20;3602,92;Medicina;Noturno;5;False;False;2024-05-08;Outro Estado;True
2237;25;800,0;Direito;Vespertino;3;False;True;2024-01-15;Interior Estado;True
2238;23;2343,87;Engenharia;Noturno;2;False;True;2024-02-08;Interior Estado;True
2239;27;827,04;Outros;Vespertino;2;False;False;2024-11-09;Interior Estado;True
2240;17;1407,55;Ciência da Computação;Noturno;4;False;True;2024-07-06;Interior Estado;True
2241;18;1244,38;Engenharia;Matutino;5;False;True;2024-04-01;Mesma Cidade;False
2242;22;901,02;Administração;Vespertino;2;False;True;2024-03-23;Outro Estado;True
2243;22;800,0;Medicina;Vespertino;3;False;True;2024-04-17;Mesma Cidade;True
2244;27;1467,65;Ciência da Computação;Matutino;4;False;True;2024-07-09;Mesma Cidade;False
2245;21;1950,75;Outros;Integral;1;False;False;2024-04-07;Mesma Cidade;True
2246;20;800,0;Arquitetura;Integral;1;False;True;2024-11-25;Outro Estado;False
2247;24;888,03;Medicina;Noturno;4;False;False;2024-05-02;Outro Estado;True
2248;26;993,45;Administração;Matutino;1;False;True;2024-12-02;Mesma Cidade;True
2249;17;1608,1;Engenharia;Noturno;1;False;True;2024-10-23;Mesma Cidade;True
2250;25;800,0;Engenharia;Integral;1;True;False;2024-06-05;Mesma Cidade;False
2251;24;1312,21;Arquitetura;Vespertino;2;True;True;2024-04-19;Interior Estado;True
2252;27;1068,47;Outros;Noturno;5;False;False;2024-07-26;Outro Estado;False
2253;29;1202,67;Medicina;Matutino;4;False;True;2024-07-16;Outro Estado;True
2254;23;3229,24;Arquitetura;Vespertino;4;False;True;2024-03-01;Mesma Cidade;False
2255;19;1166,32;Outros;Noturno;3;False;False;2024-08-05;Interior Estado;False
2256;22;1408,11;Engenharia;Noturno;1;False;True;2024-09-01;Outro Estado;False
2257;23;1264,03;Psicologia;Matutino;1;False;True;2024-03-13;Interior Estado;True
2258;26;2445,36;Administração;Noturno;1;True;False;2024-01-21;Mesma Cidade;True
2259;23;800,0;Ciência da Computação;Integral;3;False;True;2024-06-26;Interior Estado;True
2260;20;1299,18;Ciência da Computação;Noturno;4;False;False;2024-02-24;Mesma Cidade;True
2261;17;1958,77;Direito;Noturno;3;True;False;2024-03-13;Mesma Cidade;True
2262;19;1612,89;Psicologia;Noturno;3;False;True;2024-09-18;Outro Estado;False
2263;19;2155,4;Engenharia;Vespertino;5;True;True;2024-11-07;Outro Estado;False
2264;20;1543,11;Ciência da Computação;Noturno;5;False;True;2024-04-15;Mesma Cidade;True
2265;24;1567,44;Administração;Matutino;4;False;True;2024-10-08;Interior Estado;False
2266;21;992,07;Ciência da Computação;Noturno;3;True;True;2024-03-23;Outro Estado;True
2267;29;4000,0;Psicologia;Noturno;1;False;True;2024-12-22;Interior Estado;False
2268;23;1463,13;Outros;Matutino;5;False;True;2024-03-05;Mesma Cidade;True
2269;24;800,0;Administração;Matutino;1;False;False;2024-10-26;Outro Estado;True
2270;24;800,0;Engenharia;Noturno;1;False;False;2024-01-15;Interior Estado;False
2271;21;821,74;Administração;Noturno;1;True;False;2024-11-11;Interior Estado;False
2272;20;1172,81;Administração;Vespertino;5;True;True;2024-08-26;Interior Estado;True
2273;27;1299,97;Direito;Noturno;4;False;True;2024-06-25;Mesma Cidade;False
2274;21;1652,52;Outros;Noturno;4;False;False;2024-04-09;Outro Estado;False
2275;19;1249,02;Engenharia;Noturno;1;False;True;2024-07-08;Interior Estado;True
2276;18;1448,08;Ciência da Computação;Noturno;4;False;False;2024-08-02;Interior Estado;True
2277;19;2860,5;Direito;Integral;2;True;True;2024-05-29;Outro Estado;True
2278;21;2421,96;Medicina;Noturno;3;False;True;2024-03-31;Mesma Cidade;True
2279;21;800,0;Direito;Matutino;2;False;True;2024-12-25;Mesma Cidade;True
2280;28;800,0;Psicologia;Integral;3;False;True;2024-11-26;Interior Estado;True
2281;22;800,0;Engenharia;Integral;3;False;False;2024-10-17;Mesma Cidade;True
2282;22;999,69;Outros;Integral;5;False;True;2024-01-24;Mesma Cidade;True
2283;23;1512,09;Direito;Vespertino;3;False;False;2024-01-28;Interior Estado;True
2284;23;2853,34;Arquitetura;Noturno;2;False;True;2024-03-31;Interior Estado;True
2285;22;1149,49;Medicina;Vespertino;3;False;True;2024-05-10;Mesma Cidade;True
2286;21;3904,96;Psicologia;Noturno;1;False;False;2024-02-16;Mesma Cidade;False
2287;23;1135,32;Arquitetura;Matutino;5;False;False;2024-01-08;Interior Estado;True
2288;17;807,36;Engenharia;Matutino;2;True;False;2024-05-26;Mesma Cidade;True
2289;23;1063,44;Ciência da Computação;Vespertino;3;False;False;2024-04-24;Outro Estado;True
2290;29;1392,09;Outros;Vespertino;4;True;True;2024-02-25;Outro Estado;True
2291;29;972,68;Administração;Noturno;2;False;False;2024-02-04;Mesma Cidade;True
2292;25;834,78;Administração;Integral;1;True;True;2024-08-13;Interior Estado;True
2293;20;1607,12;Outros;Noturno;3;True;False;2024-01-25;Outro Estado;True
2294;21;3524,45;Administração;Noturno;5;False;True;2024-02-28;Mesma Cidade;True
2295;25;1412,51;Outros;Matutino;2;True;True;2024-03-03;Mesma Cidade;True
2296;29;2518,29;Engenharia;Vespertino;2;True;False;2024-09-05;Outro Estado;True
2297;17;1173,32;Outros;Noturno;2;False;False;2024-12-11;Interior Estado;False
2298;22;1204,18;Ciência da Computação;Matutino;1;False;True;2024-09-22;Interior Estado;True
2299;21;3398,51;Engenharia;Noturno;1;True;True;2024-04-23;Interior Estado;True
2300;20;1234,11;Direito;Noturno;1;True;True;2024-12-24;Mesma Cidade;True
2301;17;1237,21;Administração;Integral;2;True;True;2024-10-14;Outro Estado;True
2302;22;4000,0;Arquitetura;Noturno;5;True;True;2024-10-28;Interior Estado;False
2303;18;800,0;Outros;Noturno;2;False;True;2024-08-08;Interior Estado;False
2304;18;1775,6;Direito;Matutino;5;False;True;2024-11-09;Interior Estado;True
2305;23;1527,78;Outros;Integral;2;False;False;2024-09-17;Interior Estado;True
2306;17;2803,58;Administração;Vespertino;5;False;True;2024-09-14;Mesma Cidade;True
2307;18;859,85;Ciência da Computação;Noturno;5;True;True;2024-05-04;Outro Estado;True
2308;24;1054,57;Medicina;Vespertino;2;False;False;2024-02-07;Mesma Cidade;False
2309;29;1368,3;Outros;Matutino;4;True;True;2024-08-30;Interior Estado;True
2310;22;1423,02;Outros;Vespertino;3;True;False;2024-03-20;Interior Estado;True
2311;29;1336,58;Medicina;Noturno;5;False;False;2024-12-13;Mesma Cidade;True
2312;17;1280,59;Direito;Noturno;5;True;True;2024-01-11;Interior Estado;True
2313;26;2686,06;Psicologia;Matutino;2;True;False;2024-12-18;Outro Estado;True
2314;29;800,0;Medicina;Matutino;3;False;True;2024-08-20;Interior Estado;True
2315;22;2887,89;Direito;Vespertino;5;False;True;2024-09-13;Outro Estado;True
2316;21;1152,99;Direito;Integral;5;False;True;2024-12-22;Interior Estado;True
2317;26;2778,92;Engenharia;Vespertino;4;False;True;2024-06-22;Mesma Cidade;False
2318;20;1605,82;Outros;Vespertino;2;False;True;2024-04-25;Interior Estado;True
2319;25;2181,76;Engenharia;Integral;2;False;False;2024-06-19;Mesma Cidade;True
2320;22;1783,55;Medicina;Matutino;5;True;True;2024-12-03;Interior Estado;True
2321;20;3083,47;Medicina;Vespertino;4;True;True;2024-01-18;Interior Estado;False
2322;28;1000,43;Outros;Matutino;2;False;True;2024-02-27;Outro Estado;True
2323;26;3293,97;Engenharia;Noturno;1;False;False;2024-09-13;Mesma Cidade;True
2324;18;1539,73;Engenharia;Integral;1;False;True;2024-07-10;Outro Estado;True
2325;22;800,0;Ciência da Computação;Integral;3;False;True;2024-02-05;Interior Estado;True
2326;17;882,31;Psicologia;Integral;4;False;False;2024-08-01;Interior Estado;False
2327;29;996,4;Engenharia;Noturno;3;True;False;2024-10-16;Outro Estado;True
2328;18;800,0;Outros;Noturno;4;True;False;2024-10-23;Interior Estado;True
2329;23;1114,04;Administração;Noturno;1;True;True;2024-09-22;Interior Estado;True
2330;17;1151,81;Medicina;Vespertino;4;True;True;2024-12-22;Interior Estado;True
2331;27;800,0;Outros;Matutino;5;False;False;2024-11-11;Mesma Cidade;True
2332;22;1219,08;Medicina;Vespertino;1;False;False;2024-01-14;Interior Estado;True
2333;21;800,0;Arquitetura;Integral;5;False;False;2024-06-21;Mesma Cidade;False
2334;20;2252,3;Outros;Matutino;2;False;True;2024-02-09;Outro Estado;True
2335;21;890,98;Outros;Integral;4;False;False;2024-10-19;Outro Estado;False
2336;17;1017,82;Outros;Noturno;1;False;True;2024-01-09;Mesma Cidade;True
2337;25;800,0;Ciência da Computação;Noturno;1;False;False;2024-12-07;Outro Estado;True
2338;28;2001,26;Medicina;Vespertino;3;False;False;2024-06-10;Mesma Cidade;False
2339;22;1626,65;Outros;Integral;5;False;True;2024-09-16;Interior Estado;True
2340;23;4000,0;Engenharia;Matutino;1;False;True;2024-10-28;Mesma Cidade;True
2341;23;1057,1;Engenharia;Matutino;1;False;True;2024-04-27;Mesma Cidade;True
2342;25;1556,01;Direito;Integral;3;False;False;2024-10-15;Outro Estado;True
2343;18;800,0;Psicologia;Integral;2;False;True;2024-03-17;Mesma Cidade;True
2344;22;2111,17;Ciência da Computação;Integral;1;True;True;2024-03-16;Outro Estado;True
2345;23;938,87;Psicologia;Vespertino;3;True;True;2024-08-24;Outro Estado;True
2346;28;915,01;Psicologia;Vespertino;2;False;False;2024-05-03;Outro Estado;True
2347;22;1588,88;Engenharia;Vespertino;2;False;True;2024-07-26;Mesma Cidade;True
2348;27;800,0;Administração;Noturno;3;False;True;2024-05-31;Interior Estado;False
2349;28;1376,14;Medicina;Integral;5;False;False;2024-10-11;Interior Estado;True
2350;25;838,98;Engenharia;Noturno;3;False;True;2024-10-19;Outro Estado;False
2351;26;1273,86;Outros;Integral;3;False;True;2024-10-02;Mesma Cidade;True
2352;23;800,0;Administração;Integral;1;False;False;2024-11-23;Interior Estado;True
2353;29;800,0;Outros;Matutino;1;False;True;2024-07-29;Mesma Cidade;True
2354;20;1630,38;Outros;Noturno;3;True;True;2024-12-17;Mesma Cidade;True
2355;24;1605,75;Administração;Noturno;2;False;False;2024-03-01;Mesma Cidade;False
2356;23;1224,6;Outros;Integral;1;False;True;2024-09-03;Interior Estado;True
2357;25;800,0;Psicologia;Integral;2;False;True;2024-08-31;Mesma Cidade;True
2358;20;800,0;Outros;Vespertino;4;False;True;2024-01-10;Outro Estado;False
2359;17;800,0;Psicologia;Noturno;2;False;False;2024-04-25;Mesma Cidade;True
2360;17;923,38;Medicina;Noturno;3;False;True;2024-07-28;Interior Estado;True
2361;23;985,5;Ciência da Computação;Matutino;2;True;True;2024-06-20;Outro Estado;True
2362;22;800,0;Engenharia;Noturno;3;False;False;2024-08-06;Interior Estado;False
2363;25;1951,52;Direito;Matutino;4;False;True;2024-01-13;Mesma Cidade;False
2364;24;800,0;Administração;Vespertino;4;False;False;2024-03-02;Interior Estado;True
2365;21;800,0;Direito;Vespertino;1;False;False;2024-11-16;Interior Estado;True
2366;23;977,51;Outros;Noturno;5;False;False;2024-06-05;Mesma Cidade;True
2367;22;2158,21;Outros;Vespertino;5;True;True;2024-10-17;Interior Estado;False
2368;18;1316,04;Direito;Integral;2;False;True;2024-03-07;Outro Estado;True
2369;26;2684,74;Engenharia;Integral;5;False;True;2024-06-10;Interior Estado;True
2370;24;1718,87;Engenharia;Noturno;4;True;False;2024-09-14;Mesma Cidade;True
2371;21;800,0;Ciência da Computação;Vespertino;4;False;True;2024-09-10;Mesma Cidade;True
2372;19;1267,29;Psicologia;Matutino;1;False;True;2024-06-09;Interior Estado;True
2373;27;864,82;Arquitetura;Noturno;4;False;False;2024-11-14;Interior Estado;True
2374;20;1283,22;Engenharia;Vespertino;3;False;True;2024-05-16;Mesma Cidade;True
2375;23;800,0;Ciência da Computação;Noturno;5;True;True;2024-12-25;Interior Estado;True
2376;24;1135,79;Outros;Vespertino;5;False;True;2024-05-19;Mesma Cidade;True
2377;18;800,0;Ciência da Computação;Noturno;4;False;True;2024-05-20;Interior Estado;True
2378;17;1512,11;Medicina;Noturno;3;False;False;2024-01-29;Outro Estado;True
2379;25;800,0;Engenharia;Noturno;1;False;False;2024-09-28;Mesma Cidade;False
2380;20;800,0;Engenharia;Integral;3;False;True;2024-05-11;Mesma Cidade;True
2381;29;3474,13;Engenharia;Vespertino;5;False;False;2024-05-12;Interior Estado;True
2382;28;800,0;Ciência da Computação;Noturno;3;False;False;2024-10-06;Mesma Cidade;True
2383;26;800,0;Direito;Integral;2;False;True;2024-10-07;Mesma Cidade;True
2384;19;902,03;Outros;Noturno;3;False;False;2024-03-28;Interior Estado;False
2385;21;3098,12;Administração;Noturno;2;False;True;2024-07-07;Interior Estado;False
2386;20;1901,59;Engenharia;Noturno;3;False;True;2024-10-27;Mesma Cidade;True
2387;20;997,5;Outros;Integral;3;True;True;2024-11-21;Mesma Cidade;True
2388;23;966,18;Engenharia;Integral;1;True;False;2024-12-22;Mesma Cidade;True
2389;20;800,0;Direito;Noturno;5;False;True;2024-08-05;Mesma Cidade;True
2390;26;961,57;Administração;Noturno;3;False;False;2024-01-10;Mesma Cidade;True
2391;18;800,0;Ciência da Computação;Noturno;5;True;True;2024-04-28;Outro Estado;True
2392;23;843,53;Ciência da Computação;Vespertino;1;False;True;2024-12-01;Mesma Cidade;True
2393;17;2978,81;Psicologia;Matutino;2;False;False;2024-10-06;Interior Estado;False
2394;26;821,65;Direito;Vespertino;1;True;False;2024-08-02;Mesma Cidade;False
2395;21;2205,07;Engenharia;Matutino;2;False;True;2024-03-23;Interior Estado;True
2396;21;2733,44;Engenharia;Matutino;4;False;True;2024-03-19;Mesma Cidade;False
2397;25;1204,03;Engenharia;Matutino;4;False;True;2024-04-30;Interior Estado;True
2398;22;1235,87;Medicina;Noturno;1;False;True;2024-06-16;Interior Estado;True
2399;27;1736,41;Outros;Integral;3;False;True;2024-02-29;Mesma Cidade;False
2400;22;3090,08;Psicologia;Vespertino;3;True;True;2024-03-20;Interior Estado;True
2401;22;1483,48;Administração;Vespertino;3;True;True;2024-07-13;Outro Estado;True
2402;26;800,0;Psicologia;Matutino;1;False;True;2024-02-21;Interior Estado;True
2403;25;1350,09;Direito;Noturno;2;False;True;2024-10-18;Mesma Cidade;False
2404;17;920,09;Engenharia;Matutino;1;False;False;2024-05-29;Interior Estado;True
2405;19;2762,96;Outros;Vespertino;3;True;True;2024-11-09;Outro Estado;False
2406;22;841,92;Engenharia;Vespertino;4;True;True;2024-10-16;Mesma Cidade;True
2407;27;1109,92;Direito;Noturno;5;False;True;2024-08-06;Interior Estado;True
2408;25;1297,17;Direito;Integral;3;False;False;2024-11-16;Mesma Cidade;True
2409;23;1415,78;Psicologia;Noturno;3;False;True;2024-02-26;Mesma Cidade;True
2410;18;883,97;Outros;Noturno;2;False;False;2024-09-20;Mesma Cidade;True
2411;22;800,0;Outros;Vespertino;2;True;True;2024-04-19;Outro Estado;True
2412;20;1111,44;Ciência da Computação;Integral;5;False;True;2024-12-02;Mesma Cidade;True
2413;28;1252,89;Psicologia;Noturno;2;False;False;2024-12-04;Mesma Cidade;True
2414;18;2025,8;Outros;Noturno;2;False;True;2024-05-06;Mesma Cidade;True
2415;18;1774,59;Ciência da Computação;Noturno;1;True;True;2024-11-05;Mesma Cidade;True
2416;18;2649,85;Outros;Integral;2;False;True;2024-12-31;Outro Estado;True
2417;23;800,0;Direito;Noturno;4;False;True;2024-03-14;Interior Estado;True
2418;22;2707,92;Engenharia;Matutino;1;False;True;2024-11-08;Interior Estado;False
2419;25;1332,26;Psicologia;Vespertino;1;False;True;2024-08-22;Mesma Cidade;True
2420;21;3459,83;Engenharia;Noturno;2;False;False;2024-11-10;Interior Estado;True
2421;17;2381,75;Direito;Noturno;2;True;False;2024-08-28;Outro Estado;True
2422;23;3574,47;Direito;Noturno;2;False;False;2024-07-14;Outro Estado;True
2423;22;3920,53;Arquitetura;Matutino;4;False;True;2024-11-24;Outro Estado;True
2424;22;4000,0;Ciência da Computação;Integral;4;True;True;2024-11-27;Outro Estado;True
2425;20;3120,4;Engenharia;Integral;3;False;False;2024-04-27;Interior Estado;True
2426;20;3600,25;Engenharia;Noturno;2;True;True;2024-06-04;Outro Estado;False
2427;18;800,0;Engenharia;Matutino;2;False;True;2024-06-23;Interior Estado;True
2428;20;917,25;Direito;Integral;1;False;True;2024-02-19;Mesma Cidade;True
2429;17;3645,43;Administração;Noturno;3;False;True;2024-04-16;Mesma Cidade;True
2430;21;999,72;Arquitetura;Matutino;2;False;True;2024-06-12;Interior Estado;True
2431;25;4000,0;Ciência da Computação;Vespertino;5;False;True;2024-03-26;Mesma Cidade;False
2432;17;800,0;Psicologia;Matutino;3;False;True;2024-09-18;Mesma Cidade;True
2433;17;1638,71;Outros;Noturno;3;False;False;2024-01-09;Interior Estado;False
2434;17;1001,46;Medicina;Vespertino;5;False;True;2024-03-21;Interior Estado;True
2435;22;1187,1;Engenharia;Matutino;1;False;True;2024-09-02;Outro Estado;True
2436;20;800,0;Direito;Noturno;2;True;False;2024-05-14;Interior Estado;True
2437;20;823,16;Arquitetura;Noturno;4;False;False;2024-09-26;Outro Estado;False
2438;22;1226,97;Direito;Vespertino;5;True;False;2024-11-05;Mesma Cidade;True
2439;25;1923,94;Outros;Integral;4;False;False;2024-05-17;Mesma Cidade;True
2440;23;2264,42;Arquitetura;Matutino;5;True;True;2024-03-17;Interior Estado;True
2441;25;2005,77;Ciência da Computação;Integral;3;True;True;2024-11-11;Outro Estado;True
2442;18;1836,15;Outros;Matutino;5;False;True;2024-07-06;Mesma Cidade;True
2443;24;3200,77;Administração;Matutino;3;False;True;2024-03-02;Interior Estado;True
2444;21;2975,85;Engenharia;Matutino;5;False;False;2024-12-26;Outro Estado;True
2445;20;1858,89;Arquitetura;Vespertino;5;True;True;2024-12-18;Mesma Cidade;True
2446;27;800,0;Ciência da Computação;Noturno;3;False;False;2024-07-03;Mesma Cidade;True
2447;25;1448,54;Arquitetura;Noturno;3;False;True;2024-07-13;Interior Estado;True
2448;18;2316,5;Direito;Noturno;2;True;True;2024-09-10;Outro Estado;True
2449;18;1609,6;Engenharia;Integral;5;False;False;2024-08-12;Outro Estado;True
2450;20;1476,74;Ciência da Computação;Matutino;5;False;True;2024-01-01;Mesma Cidade;False
2451;17;3492,99;Administração;Noturno;5;False;False;2024-10-10;Outro Estado;False
2452;21;2755,74;Arquitetura;Matutino;3;True;True;2024-01-10;Interior Estado;True
2453;25;800,0;Direito;Matutino;2;False;True;2024-01-23;Interior Estado;False
2454;24;2936,97;Medicina;Noturno;2;False;True;2024-01-18;Outro Estado;True
2455;29;800,0;Medicina;Integral;2;False;True;2024-02-14;Interior Estado;True
2456;23;4000,0;Engenharia;Vespertino;4;True;True;2024-09-04;Mesma Cidade;True
2457;22;2546,33;Outros;Matutino;3;False;True;2024-10-24;Outro Estado;True
2458;20;1480,69;Engenharia;Noturno;1;False;True;2024-11-27;Mesma Cidade;True
2459;20;2618,38;Medicina;Noturno;4;True;True;2024-06-26;Interior Estado;True
2460;20;800,0;Ciência da Computação;Matutino;2;True;True;2024-08-16;Outro Estado;True
2461;22;1438,19;Direito;Matutino;4;False;False;2024-01-17;Mesma Cidade;False
2462;20;1103,88;Engenharia;Integral;3;False;False;2024-08-01;Mesma Cidade;True
2463;17;1518,46;Outros;Noturno;4;False;True;2024-07-25;Mesma Cidade;True
2464;20;3096,21;Outros;Noturno;1;False;True;2024-02-12;Mesma Cidade;False
2465;28;1641,29;Outros;Noturno;1;False;True;2024-06-15;Interior Estado;True
2466;20;1352,79;Direito;Vespertino;3;False;False;2024-10-21;Mesma Cidade;True
2467;19;800,0;Medicina;Noturno;3;False;False;2024-06-21;Interior Estado;True
2468;25;1996,78;Outros;Matutino;4;False;False;2024-04-26;Mesma Cidade;True
2469;22;3331,08;Administração;Vespertino;5;False;True;2024-06-26;Mesma Cidade;True
2470;26;1348,23;Arquitetura;Noturno;1;True;False;2024-02-10;Interior Estado;False
2471;20;826,93;Direito;Noturno;3;False;True;2024-04-27;Outro Estado;True
2472;25;1430,38;Engenharia;Matutino;5;True;True;2024-02-22;Outro Estado;True
2473;19;909,82;Medicina;Vespertino;2;True;False;2024-03-03;Mesma Cidade;True
2474;25;1790,98;Psicologia;Integral;5;False;True;2024-08-07;Interior Estado;True
2475;17;974,34;Outros;Matutino;4;True;True;2024-11-09;Interior Estado;True
2476;17;1734,57;Arquitetura;Integral;1;True;False;2024-09-18;Mesma Cidade;False
2477;18;4000,0;Engenharia;Integral;5;True;True;2024-02-01;Outro Estado;True
2478;25;880,89;Medicina;Noturno;5;True;False;2024-04-25;Outro Estado;True
2479;22;987,55;Direito;Integral;5;True;True;2024-04-06;Interior Estado;False
2480;20;1282,62;Ciência da Computação;Matutino;2;False;True;2024-05-19;Interior Estado;True
2481;22;1661,31;Engenharia;Integral;5;False;True;2024-07-31;Mesma Cidade;False
2482;20;2635,41;Psicologia;Vespertino;3;False;False;2024-01-27;Interior Estado;False
2483;22;923,68;Arquitetura;Matutino;5;False;True;2024-10-26;Interior Estado;False
2484;25;1118,93;Psicologia;Integral;3;False;True;2024-11-22;Interior Estado;True
2485;25;800,0;Outros;Vespertino;1;False;True;2024-11-06;Mesma Cidade;True
2486;21;1487,9;Outros;Matutino;4;True;True;2024-03-17;Outro Estado;True
2487;22;2019,23;Arquitetura;Matutino;1;False;False;2024-02-14;Interior Estado;True
2488;24;2675,25;Engenharia;Noturno;5;True;True;2024-02-13;Mesma Cidade;False
2489;26;1804,67;Administração;Vespertino;4;False;True;2024-10-06;Interior Estado;True
2490;22;1263,58;Direito;Matutino;5;False;True;2024-08-06;Interior Estado;True
2491;23;1280,43;Outros;Integral;1;False;True;2024-04-06;Mesma Cidade;True
2492;19;988,85;Ciência da Computação;Integral;3;False;False;2024-05-04;Interior Estado;True
2493;21;2174,39;Direito;Vespertino;3;False;True;2024-01-18;Interior Estado;True
2494;20;2353,82;Arquitetura;Vespertino;4;True;True;2024-01-10;Interior Estado;True
2495;17;1507,18;Outros;Integral;1;False;False;2024-02-22;Mesma Cidade;True
2496;26;960,77;Outros;Noturno;2;False;True;2024-11-04;Outro Estado;False
2497;24;1226,38;Arquitetura;Vespertino;3;False;True;2024-02-01;Interior Estado;True
2498;27;1094,81;Outros;Integral;4;False;True;2024-11-30;Outro Estado;True
2499;18;866,9;Ciência da Computação;Integral;3;True;True;2024-02-15;Interior Estado;True
2500;17;2129,6;Direito;Integral;4;False;True;2024-07-31;Outro Estado;False
2501;20;1944,95;Engenharia;Vespertino;2;False;True;2024-07-05;Mesma Cidade;True
2502;28;1068,78;Psicologia;Noturno;2;False;True;2024-10-20;Outro Estado;True
2503;26;1626,01;Administração;Matutino;1;True;True;2024-06-30;Mesma Cidade;False
2504;29;1109,61;Direito;Noturno;2;False;True;2024-12-24;Mesma Cidade;True
2505;18;981,72;Administração;Vespertino;1;False;True;2024-06-19;Outro Estado;True
2506;21;2126,95;Direito;Noturno;1;False;True;2024-12-05;Interior Estado;True
2507;17;1308,07;Engenharia;Noturno;3;False;True;2024-02-13;Mesma Cidade;True
2508;18;983,59;Ciência da Computação;Noturno;2;False;True;2024-11-04;Mesma Cidade;True
2509;21;800,0;Arquitetura;Matutino;3;True;True;2024-12-20;Outro Estado;False
2510;22;800,0;Ciência da Computação;Vespertino;5;False;False;2024-08-07;Outro Estado;False
2511;22;2011,01;Medicina;Matutino;4;False;True;2024-03-04;Mesma Cidade;True
2512;22;1152,65;Administração;Vespertino;1;False;True;2024-09-24;Interior Estado;True
2513;24;1562,77;Administração;Vespertino;2;False;True;2024-12-03;Mesma Cidade;True
2514;18;1549,77;Ciência da Computação;Integral;4;False;True;2024-01-31;Interior Estado;True
2515;23;800,0;Administração;Noturno;5;True;False;2024-02-10;Outro Estado;True
2516;21;800,0;Engenharia;Vespertino;5;False;True;2024-03-30;Interior Estado;True
2517;24;1575,72;Ciência da Computação;Vespertino;1;True;True;2024-06-25;Interior Estado;True
2518;23;1065,79;Ciência da Computação;Matutino;4;False;False;2024-07-05;Outro Estado;True
2519;19;1762,06;Engenharia;Integral;4;False;True;2024-12-24;Outro Estado;True
2520;18;1033,78;Ciência da Computação;Noturno;4;False;True;2024-11-15;Interior Estado;True
2521;20;1652,51;Outros;Matutino;1;False;False;2024-11-10;Outro Estado;True
2522;24;2529,68;Medicina;Matutino;4;False;False;2024-12-08;Interior Estado;True
2523;17;4000,0;Engenharia;Matutino;5;False;False;2024-06-06;Mesma Cidade;False
2524;22;1561,48;Administração;Integral;3;False;True;2024-09-13;Outro Estado;True
2525;26;800,0;Engenharia;Matutino;1;False;False;2024-01-18;Outro Estado;True
2526;18;2001,71;Direito;Noturno;2;False;False;2024-12-01;Interior Estado;True
2527;22;1358,9;Ciência da Computação;Integral;3;False;False;2024-02-23;Outro Estado;False
2528;23;919,5;Administração;Integral;2;False;False;2024-01-31;Outro Estado;True
2529;25;891,76;Outros;Matutino;1;False;True;2024-10-03;Mesma Cidade;True
2530;17;2850,41;Administração;Matutino;4;True;False;2024-09-25;Outro Estado;True
2531;21;935,0;Outros;Vespertino;5;True;False;2024-03-09;Interior Estado;True
2532;18;957,56;Medicina;Vespertino;4;False;True;2024-09-11;Mesma Cidade;True
2533;20;814,23;Medicina;Vespertino;1;True;True;2024-10-20;Mesma Cidade;False
2534;18;2800,35;Ciência da Computação;Matutino;1;True;False;2024-10-30;Mesma Cidade;True
2535;27;822,0;Outros;Noturno;1;True;True;2024-12-10;Interior Estado;True
2536;24;800,0;Arquitetura;Matutino;1;False;True;2024-10-23;Mesma Cidade;False
2537;26;1616,86;Ciência da Computação;Vespertino;5;False;True;2024-09-13;Mesma Cidade;True
2538;27;800,0;Arquitetura;Noturno;2;False;True;2024-06-26;Interior Estado;True
2539;28;1240,79;Outros;Noturno;5;True;False;2024-07-22;Interior Estado;False
2540;20;1071,38;Engenharia;Noturno;3;True;True;2024-11-26;Interior Estado;True
2541;20;1652,47;Engenharia;Noturno;1;False;True;2024-09-26;Mesma Cidade;True
2542;17;1321,88;Ciência da Computação;Noturno;2;True;True;2024-02-27;Interior Estado;True
2543;24;1067,13;Engenharia;Noturno;1;False;False;2024-09-11;Interior Estado;True
2544;19;800,0;Outros;Noturno;3;True;False;2024-05-07;Interior Estado;False
2545;24;932,24;Medicina;Noturno;3;False;True;2024-11-28;Interior Estado;True
2546;17;1845,43;Outros;Integral;5;False;True;2024-03-15;Interior Estado;True
2547;20;1350,22;Administração;Matutino;2;False;True;2024-01-16;Mesma Cidade;True
2548;20;1016,33;Psicologia;Integral;1;False;False;2024-05-03;Mesma Cidade;True
2549;26;1538,22;Ciência da Computação;Matutino;2;False;True;2024-08-10;Mesma Cidade;True
2550;24;855,71;Administração;Noturno;5;False;False;2024-06-20;Outro Estado;False
2551;17;1122,64;Outros;Noturno;2;False;False;2024-11-23;Outro Estado;True
2552;25;2107,53;Psicologia;Vespertino;3;False;True;2024-05-19;Outro Estado;False
2553;28;800,0;Administração;Integral;1;False;True;2024-12-26;Outro Estado;True
2554;20;2503,99;Medicina;Vespertino;4;False;True;2024-07-19;Outro Estado;True
2555;22;4000,0;Direito;Integral;5;False;False;2024-10-27;Interior Estado;True
2556;25;1555,21;Outros;Noturno;5;True;True;2024-11-24;Outro Estado;False
2557;22;800,0;Engenharia;Vespertino;1;False;False;2024-09-21;Mesma Cidade;False
2558;21;1389,08;Outros;Matutino;4;False;False;2024-02-02;Outro Estado;True
2559;24;1970,19;Medicina;Vespertino;3;False;False;2024-08-25;Interior Estado;True
2560;21;800,0;Arquitetura;Matutino;3;False;True;2024-10-07;Outro Estado;True
2561;24;2646,55;Administração;Noturno;5;True;True;2024-02-05;Mesma Cidade;True
2562;20;878,92;Outros;Noturno;5;True;True;2024-09-20;Mesma Cidade;True
2563;20;1052,26;Engenharia;Matutino;2;False;True;2024-03-19;Mesma Cidade;False
2564;21;2088,55;Outros;Vespertino;1;False;True;2024-01-11;Mesma Cidade;True
2565;23;1645,74;Engenharia;Vespertino;3;True;True;2024-08-02;Interior Estado;False
2566;22;3536,22;Direito;Noturno;2;True;False;2024-12-21;Mesma Cidade;True
2567;20;800,0;Outros;Noturno;3;True;True;2024-07-16;Interior Estado;True
2568;25;1986,6;Direito;Noturno;3;True;False;2024-01-18;Interior Estado;False
2569;18;1404,48;Ciência da Computação;Noturno;4;True;True;2024-06-14;Mesma Cidade;False
2570;22;4000,0;Outros;Vespertino;5;False;True;2024-11-24;Interior Estado;True
2571;19;800,0;Arquitetura;Noturno;2;True;True;2024-08-11;Mesma Cidade;True
2572;22;1456,71;Ciência da Computação;Noturno;5;True;True;2024-12-07;Interior Estado;True
2573;20;1228,96;Engenharia;Matutino;4;False;True;2024-09-24;Mesma Cidade;True
2574;18;1563,16;Engenharia;Integral;4;True;True;2024-07-04;Mesma Cidade;False
2575;20;1436,69;Outros;Noturno;2;False;False;2024-03-15;Interior Estado;False
2576;24;1411,8;Outros;Noturno;5;False;True;2024-04-25;Mesma Cidade;False
2577;23;800,0;Outros;Integral;3;False;True;2024-11-22;Interior Estado;False
2578;17;1690,35;Direito;Vespertino;4;False;True;2024-09-04;Mesma Cidade;True
2579;23;1903,52;Engenharia;Noturno;3;False;True;2024-08-24;Outro Estado;True
2580;17;2099,84;Engenharia;Matutino;5;False;False;2024-01-08;Interior Estado;True
2581;17;1746,63;Outros;Matutino;2;False;True;2024-12-11;Outro Estado;False
2582;21;2153,13;Psicologia;Integral;1;True;False;2024-05-09;Interior Estado;True
2583;24;987,9;Outros;Noturno;3;False;True;2024-07-03;Interior Estado;False
2584;24;1126,58;Administração;Integral;4;False;False;2024-05-18;Interior Estado;True
2585;21;800,0;Outros;Noturno;1;True;True;2024-12-31;Interior Estado;True
2586;20;2766,17;Engenharia;Noturno;2;False;True;2024-03-18;Interior Estado;True
2587;23;1394,22;Administração;Vespertino;2;False;True;2024-04-21;Interior Estado;True
2588;20;800,0;Psicologia;Matutino;5;False;True;2024-02-16;Outro Estado;True
2589;20;1077,2;Arquitetura;Noturno;1;True;True;2024-01-17;Interior Estado;False
2590;23;1511,0;Direito;Noturno;4;False;False;2024-08-14;Outro Estado;True
2591;25;1029,41;Medicina;Vespertino;4;False;True;2024-07-11;Mesma Cidade;True
2592;21;2099,61;Outros;Matutino;3;False;True;2024-08-30;Mesma Cidade;True
2593;19;1992,46;Direito;Vespertino;2;True;True;2024-12-02;Interior Estado;True
2594;27;966,19;Ciência da Computação;Integral;1;True;True;2024-01-18;Interior Estado;True
2595;25;1458,96;Outros;Noturno;1;True;True;2024-05-22;Outro Estado;True
2596;20;809,9;Psicologia;Integral;3;True;False;2024-09-02;Interior Estado;True
2597;20;1281,74;Engenharia;Noturno;5;True;True;2024-07-11;Interior Estado;True
2598;25;1609,21;Administração;Matutino;1;False;True;2024-09-04;Interior Estado;True
2599;22;1829,29;Administração;Noturno;1;True;False;2024-01-19;Mesma Cidade;True
2600;22;2047,4;Engenharia;Noturno;2;True;True;2024-01-31;Interior Estado;True
2601;19;4000,0;Ciência da Computação;Matutino;4;False;True;2024-04-25;Mesma Cidade;False
2602;25;1114,29;Outros;Integral;3;True;True;2024-03-18;Interior Estado;True
2603;22;2246,24;Outros;Noturno;1;False;True;2024-05-25;Outro Estado;False
2604;18;1141,04;Administração;Integral;2;False;False;2024-12-08;Mesma Cidade;True
2605;27;800,0;Administração;Noturno;1;True;False;2024-04-20;Outro Estado;True
2606;18;1208,78;Engenharia;Vespertino;4;False;True;2024-09-18;Interior Estado;True
2607;22;800,0;Outros;Vespertino;1;False;True;2024-06-15;Outro Estado;False
2608;19;1436,06;Psicologia;Vespertino;1;False;False;2024-05-04;Interior Estado;True
2609;24;1859,55;Direito;Noturno;1;True;True;2024-05-15;Mesma Cidade;True
2610;24;1773,35;Ciência da Computação;Noturno;3;True;True;2024-07-20;Interior Estado;True
2611;20;1281,14;Ciência da Computação;Matutino;3;False;True;2024-02-10;Mesma Cidade;True
2612;20;1714,37;Medicina;Vespertino;4;False;False;2024-07-26;Interior Estado;True
2613;19;800,0;Direito;Matutino;5;False;True;2024-02-18;Mesma Cidade;True
2614;19;1023,8;Direito;Vespertino;1;True;True;2024-03-07;Mesma Cidade;True
2615;22;2925,02;Engenharia;Integral;5;False;False;2024-03-31;Outro Estado;False
2616;22;1606,81;Arquitetura;Vespertino;2;False;True;2024-03-26;Outro Estado;True
2617;18;800,0;Engenharia;Matutino;4;False;True;2024-11-21;Mesma Cidade;True
2618;17;1410,96;Administração;Noturno;4;False;True;2024-10-26;Mesma Cidade;True
2619;28;2687,34;Ciência da Computação;Integral;2;True;False;2024-10-04;Outro Estado;True
2620;19;1275,75;Outros;Integral;1;False;True;2024-05-01;Interior Estado;True
2621;18;1421,67;Engenharia;Integral;3;True;True;2024-04-07;Interior Estado;True
2622;17;3199,62;Direito;Noturno;2;True;True;2024-07-11;Mesma Cidade;False
2623;22;2721,28;Direito;Matutino;4;False;True;2024-08-26;Outro Estado;True
2624;25;1356,89;Outros;Noturno;4;True;True;2024-06-24;Outro Estado;False
2625;25;1511,69;Medicina;Matutino;2;False;True;2024-08-09;Interior Estado;True
2626;17;800,0;Engenharia;Vespertino;5;True;True;2024-09-07;Interior Estado;True
2627;20;2994,32;Outros;Vespertino;1;False;True;2024-10-30;Interior Estado;False
2628;17;800,0;Psicologia;Vespertino;1;False;False;2024-03-01;Interior Estado;False
2629;22;1067,66;Engenharia;Matutino;3;True;False;2024-09-11;Mesma Cidade;False
2630;22;876,45;Engenharia;Matutino;5;True;False;2024-05-21;Outro Estado;True
2631;17;1823,82;Outros;Integral;4;False;True;2024-07-26;Outro Estado;True
2632;22;2475,08;Direito;Noturno;5;False;True;2024-01-27;Interior Estado;True
2633;18;1008,11;Engenharia;Matutino;2;False;True;2024-06-13;Mesma Cidade;True
2634;19;1019,51;Direito;Integral;2;True;False;2024-01-31;Outro Estado;False
2635;23;1200,25;Engenharia;Matutino;3;True;True;2024-08-21;Mesma Cidade;False
2636;23;2096,08;Engenharia;Noturno;5;False;True;2024-01-16;Mesma Cidade;True
2637;29;800,0;Ciência da Computação;Matutino;5;False;True;2024-11-11;Mesma Cidade;True
2638;23;2142,8;Ciência da Computação;Matutino;3;False;True;2024-05-29;Mesma Cidade;True
2639;21;2997,81;Direito;Matutino;5;False;False;2024-12-26;Mesma Cidade;True
2640;25;2063,14;Administração;Integral;4;True;True;2024-05-28;Mesma Cidade;True
2641;21;2595,66;Administração;Noturno;1;True;False;2024-05-28;Interior Estado;True
2642;20;1151,57;Outros;Matutino;4;False;True;2024-11-16;Interior Estado;True
2643;21;800,0;Direito;Noturno;4;False;True;2024-09-08;Interior Estado;False
2644;18;1257,19;Ciência da Computação;Matutino;4;False;True;2024-10-02;Outro Estado;True
2645;19;1272,15;Medicina;Noturno;3;False;True;2024-02-06;Outro Estado;False
2646;18;2281,57;Engenharia;Noturno;3;False;False;2024-01-17;Outro Estado;True
2647;20;974,57;Psicologia;Integral;3;False;True;2024-11-19;Outro Estado;True
2648;17;1266,56;Engenharia;Noturno;3;False;True;2024-09-24;Outro Estado;False
2649;20;1835,73;Direito;Vespertino;1;False;True;2024-02-22;Mesma Cidade;True
2650;19;800,0;Outros;Noturno;5;True;True;2024-12-15;Interior Estado;True
2651;17;1687,59;Ciência da Computação;Matutino;2;False;True;2024-03-17;Outro Estado;True
2652;17;800,0;Psicologia;Matutino;4;False;False;2024-01-22;Mesma Cidade;True
2653;24;1415,35;Engenharia;Noturno;2;False;True;2024-07-24;Mesma Cidade;True
2654;27;1528,84;Arquitetura;Integral;3;False;True;2024-07-12;Outro Estado;True
2655;26;800,0;Direito;Noturno;1;True;True;2024-03-02;Interior Estado;True
2656;20;1164,75;Psicologia;Matutino;3;False;True;2024-05-07;Interior Estado;True
2657;17;1839,9;Direito;Matutino;4;False;False;2024-05-13;Interior Estado;False
2658;20;929,73;Direito;Noturno;2;True;True;2024-07-18;Interior Estado;True
2659;20;2404,0;Administração;Vespertino;2;True;True;2024-06-20;Outro Estado;True
2660;21;1201,32;Engenharia;Matutino;1;True;False;2024-12-05;Outro Estado;True
2661;29;998,27;Ciência da Computação;Noturno;1;False;False;2024-04-24;Outro Estado;True
2662;20;988,25;Engenharia;Noturno;2;False;True;2024-02-20;Mesma Cidade;True
2663;26;1188,01;Direito;Matutino;4;False;True;2024-12-29;Interior Estado;False
2664;18;1530,51;Engenharia;Integral;1;False;True;2024-03-21;Mesma Cidade;True
2665;24;1090,28;Engenharia;Matutino;3;True;False;2024-04-30;Mesma Cidade;True
2666;17;800,0;Arquitetura;Integral;3;False;True;2024-03-16;Interior Estado;False
2667;23;1215,84;Direito;Noturno;5;False;True;2024-07-02;Outro Estado;True
2668;22;858,59;Administração;Noturno;4;True;True;2024-09-23;Mesma Cidade;False
2669;22;887,85;Administração;Matutino;5;False;True;2024-11-12;Outro Estado;True
2670;25;1619,85;Direito;Integral;2;False;False;2024-12-31;Interior Estado;True
2671;19;800,0;Outros;Noturno;5;False;False;2024-03-29;Mesma Cidade;True
2672;26;800,0;Outros;Noturno;3;True;True;2024-05-22;Interior Estado;True
2673;25;800,0;Ciência da Computação;Noturno;2;False;True;2024-03-14;Mesma Cidade;True
2674;22;800,0;Direito;Vespertino;1;False;False;2024-10-03;Mesma Cidade;True
2675;24;1937,18;Ciência da Computação;Vespertino;1;True;True;2024-02-24;Outro Estado;True
2676;19;800,0;Outros;Noturno;5;False;True;2024-06-15;Outro Estado;True
2677;25;1500,31;Direito;Matutino;5;True;True;2024-04-06;Interior Estado;True
2678;29;2172,75;Administração;Matutino;1;False;False;2024-10-12;Interior Estado;True
2679;20;1563,05;Psicologia;Integral;3;False;False;2024-09-11;Interior Estado;True
2680;23;3726,36;Outros;Integral;3;False;False;2024-01-19;Mesma Cidade;True
2681;19;800,0;Outros;Vespertino;2;False;True;2024-03-07;Outro Estado;True
2682;21;4000,0;Outros;Noturno;3;True;False;2024-11-17;Interior Estado;False
2683;19;4000,0;Psicologia;Matutino;1;False;True;2024-11-04;Mesma Cidade;True
2684;25;800,0;Engenharia;Integral;1;False;True;2024-10-12;Mesma Cidade;True
2685;22;2298,94;Ciência da Computação;Matutino;5;True;False;2024-09-27;Interior Estado;True
2686;21;2226,66;Arquitetura;Noturno;5;False;True;2024-03-16;Mesma Cidade;False
2687;21;800,0;Arquitetura;Integral;3;False;True;2024-05-31;Mesma Cidade;True
2688;24;2493,75;Direito;Vespertino;4;False;False;2024-05-30;Interior Estado;True
2689;26;1889,49;Outros;Noturno;1;False;True;2024-04-10;Outro Estado;True
2690;20;1151,74;Medicina;Noturno;1;False;True;2024-02-01;Mesma Cidade;False
2691;21;2218,73;Outros;Integral;4;False;False;2024-05-14;Mesma Cidade;True
2692;27;1207,99;Ciência da Computação;Noturno;1;False;True;2024-04-23;Outro Estado;True
2693;19;1770,95;Outros;Noturno;3;False;True;2024-03-14;Outro Estado;False
2694;28;800,0;Outros;Vespertino;4;True;True;2024-07-03;Outro Estado;True
2695;20;2672,78;Psicologia;Noturno;5;True;True;2024-12-17;Outro Estado;True
2696;25;1778,73;Outros;Noturno;1;False;True;2024-11-23;Outro Estado;False
2697;24;2861,5;Engenharia;Matutino;5;False;True;2024-12-04;Mesma Cidade;True
2698;19;800,0;Administração;Integral;4;False;True;2024-01-17;Mesma Cidade;True
2699;22;863,95;Administração;Noturno;4;True;True;2024-06-21;Mesma Cidade;False
2700;29;800,0;Medicina;Integral;2;True;True;2024-12-30;Outro Estado;False
2701;17;1342,23;Administração;Noturno;1;False;True;2024-04-23;Outro Estado;True
2702;20;800,0;Medicina;Matutino;5;True;False;2024-09-03;Mesma Cidade;False
2703;27;2004,84;Engenharia;Noturno;1;False;False;2024-06-08;Mesma Cidade;True
2704;28;2035,81;Ciência da Computação;Noturno;2;False;False;2024-10-24;Interior Estado;True
2705;19;3180,33;Engenharia;Noturno;1;False;True;2024-01-07;Mesma Cidade;False
2706;24;1371,82;Arquitetura;Noturno;2;True;True;2024-06-24;Interior Estado;True
2707;17;1979,94;Outros;Vespertino;2;False;True;2024-08-30;Mesma Cidade;False
2708;27;962,24;Engenharia;Matutino;2;False;True;2024-08-23;Interior Estado;True
2709;20;3098,38;Engenharia;Vespertino;5;False;False;2024-02-17;Mesma Cidade;False
2710;20;1169,27;Ciência da Computação;Matutino;4;False;True;2024-05-01;Interior Estado;False
2711;20;3148,47;Engenharia;Vespertino;2;True;False;2024-07-27;Interior Estado;True
2712;22;2014,66;Ciência da Computação;Matutino;4;False;False;2024-12-09;Mesma Cidade;False
2713;21;2490,7;Ciência da Computação;Vespertino;4;True;True;2024-02-18;Mesma Cidade;True
2714;21;1531,36;Outros;Noturno;3;True;True;2024-03-03;Outro Estado;True
2715;22;1771,2;Arquitetura;Integral;1;False;False;2024-12-23;Interior Estado;True
2716;19;1372,36;Administração;Matutino;2;False;False;2024-01-25;Outro Estado;True
2717;23;3128,01;Ciência da Computação;Integral;3;True;True;2024-06-28;Interior Estado;True
2718;25;800,0;Outros;Integral;3;False;False;2024-06-18;Interior Estado;True
2719;20;2129,88;Arquitetura;Noturno;3;True;False;2024-06-24;Interior Estado;True
2720;25;1788,89;Medicina;Integral;2;False;False;2024-10-31;Mesma Cidade;False
2721;29;1359,57;Direito;Matutino;2;False;False;2024-08-16;Interior Estado;True
2722;28;2188,58;Outros;Noturno;4;False;True;2024-03-16;Interior Estado;True
2723;21;1431,55;Outros;Matutino;1;False;False;2024-04-29;Mesma Cidade;True
2724;28;800,0;Administração;Noturno;3;True;True;2024-08-27;Interior Estado;True
2725;24;1294,95;Outros;Matutino;3;False;True;2024-07-23;Interior Estado;True
2726;18;827,36;Outros;Noturno;2;False;True;2024-12-21;Interior Estado;True
2727;20;1277,4;Engenharia;Vespertino;1;False;True;2024-07-31;Outro Estado;True
2728;23;800,0;Administração;Noturno;3;False;True;2024-07-31;Mesma Cidade;True
2729;21;1460,16;Engenharia;Noturno;1;False;True;2024-06-04;Interior Estado;True
2730;18;1356,02;Administração;Integral;4;True;False;2024-01-20;Interior Estado;True
2731;24;800,0;Administração;Matutino;2;True;True;2024-07-29;Mesma Cidade;True
2732;21;831,35;Outros;Matutino;1;False;False;2024-05-09;Interior Estado;True
2733;20;800,0;Engenharia;Noturno;1;False;False;2024-09-13;Outro Estado;True
2734;23;1869,96;Outros;Noturno;2;True;True;2024-04-09;Mesma Cidade;True
2735;19;2082,01;Outros;Matutino;3;False;False;2024-01-02;Outro Estado;True
2736;20;1188,14;Outros;Vespertino;1;False;True;2024-08-24;Interior Estado;True
2737;22;800,0;Engenharia;Integral;2;False;True;2024-04-28;Mesma Cidade;True
2738;20;800,0;Ciência da Computação;Integral;5;False;False;2024-03-15;Outro Estado;True
2739;20;853,94;Outros;Matutino;2;False;False;2024-09-27;Interior Estado;False
2740;20;1475,65;Arquitetura;Matutino;3;True;True;2024-08-21;Mesma Cidade;True
2741;19;2239,66;Outros;Integral;1;True;False;2024-09-17;Interior Estado;True
2742;22;1399,97;Engenharia;Integral;2;True;True;2024-06-10;Interior Estado;True
2743;26;910,06;Outros;Noturno;2;False;False;2024-04-15;Outro Estado;False
2744;21;2488,85;Psicologia;Noturno;1;False;True;2024-06-26;Mesma Cidade;False
2745;19;800,0;Engenharia;Matutino;4;False;True;2024-05-07;Interior Estado;True
2746;24;800,0;Arquitetura;Integral;2;False;True;2024-08-09;Mesma Cidade;False
2747;25;2117,65;Medicina;Integral;1;False;True;2024-01-15;Outro Estado;True
2748;18;1528,2;Direito;Matutino;1;True;False;2024-02-23;Interior Estado;True
2749;19;1260,13;Engenharia;Integral;3;False;False;2024-07-03;Interior Estado;True
2750;23;1033,04;Outros;Noturno;2;True;True;2024-04-10;Interior Estado;False
2751;25;800,0;Engenharia;Vespertino;5;True;True;2024-05-28;Mesma Cidade;True
2752;22;3513,13;Direito;Noturno;2;False;False;2024-04-03;Outro Estado;True
2753;27;1762,93;Direito;Matutino;1;False;True;2024-08-03;Mesma Cidade;True
2754;22;2305,03;Direito;Vespertino;1;True;False;2024-08-25;Outro Estado;True
2755;27;800,0;Psicologia;Vespertino;1;False;True;2024-06-14;Outro Estado;True
2756;17;800,0;Outros;Matutino;2;False;False;2024-09-22;Interior Estado;True
2757;17;1078,79;Outros;Matutino;2;True;True;2024-10-03;Mesma Cidade;True
2758;19;1341,33;Ciência da Computação;Noturno;2;False;True;2024-09-21;Mesma Cidade;True
2759;28;1097,02;Outros;Noturno;1;False;True;2024-01-18;Mesma Cidade;True
2760;21;2051,04;Engenharia;Noturno;1;True;True;2024-09-01;Outro Estado;True
2761;29;1389,06;Ciência da Computação;Vespertino;1;False;True;2024-11-19;Interior Estado;True
2762;27;3158,0;Administração;Noturno;5;False;True;2024-11-09;Mesma Cidade;False
2763;20;800,0;Engenharia;Noturno;3;False;True;2024-05-04;Interior Estado;False
2764;22;1384,6;Outros;Integral;5;False;True;2024-01-30;Interior Estado;False
2765;29;1878,74;Administração;Matutino;3;True;False;2024-12-08;Mesma Cidade;False
2766;23;1473,02;Medicina;Integral;1;False;False;2024-01-09;Outro Estado;True
2767;22;2880,75;Outros;Matutino;3;True;True;2024-11-07;Mesma Cidade;True
2768;27;1496,01;Engenharia;Matutino;3;True;True;2024-04-23;Outro Estado;True
2769;25;1997,44;Outros;Noturno;1;False;True;2024-01-25;Mesma Cidade;False
2770;17;936,78;Arquitetura;Noturno;4;True;False;2024-11-03;Outro Estado;True
2771;22;1665,14;Arquitetura;Noturno;5;False;False;2024-11-07;Interior Estado;True
2772;21;4000,0;Arquitetura;Noturno;2;True;True;2024-01-15;Outro Estado;True
2773;17;2681,48;Direito;Matutino;5;False;True;2024-01-09;Mesma Cidade;True
2774;23;2312,23;Engenharia;Noturno;3;False;False;2024-02-15;Outro Estado;False
2775;21;1437,23;Direito;Integral;4;False;True;2024-02-17;Mesma Cidade;False
2776;29;3526,1;Administração;Noturno;3;False;True;2024-02-08;Interior Estado;True
2777;24;2468,29;Direito;Noturno;1;False;True;2024-12-07;Outro Estado;True
2778;24;800,0;Ciência da Computação;Matutino;5;True;True;2024-02-05;Mesma Cidade;False
2779;22;2605,97;Medicina;Vespertino;2;True;True;2024-02-14;Mesma Cidade;True
2780;20;800,0;Ciência da Computação;Noturno;2;False;True;2024-02-03;Outro Estado;True
2781;29;800,0;Administração;Noturno;2;True;True;2024-06-30;Interior Estado;True
2782;17;1342,87;Administração;Integral;2;False;True;2024-07-14;Outro Estado;True
2783;20;837,36;Arquitetura;Noturno;2;False;True;2024-12-21;Interior Estado;True
2784;23;800,0;Direito;Integral;1;True;False;2024-12-14;Interior Estado;True
2785;25;4000,0;Outros;Vespertino;5;False;False;2024-09-30;Mesma Cidade;True
2786;24;800,0;Arquitetura;Noturno;1;False;True;2024-05-30;Mesma Cidade;False
2787;20;1383,13;Ciência da Computação;Vespertino;5;False;False;2024-05-20;Mesma Cidade;True
2788;20;1307,91;Outros;Noturno;4;False;False;2024-03-25;Interior Estado;True
2789;22;991,32;Engenharia;Noturno;5;True;False;2024-11-18;Interior Estado;True
2790;21;800,0;Ciência da Computação;Noturno;5;False;False;2024-12-24;Mesma Cidade;True
2791;25;2076,66;Ciência da Computação;Integral;2;True;True;2024-04-19;Mesma Cidade;True
2792;23;924,91;Outros;Vespertino;1;True;False;2024-05-15;Outro Estado;True
2793;22;1319,79;Administração;Vespertino;4;False;False;2024-02-08;Outro Estado;True
2794;27;1658,93;Psicologia;Matutino;5;True;False;2024-07-06;Mesma Cidade;True
2795;17;2178,08;Ciência da Computação;Vespertino;3;False;False;2024-05-06;Interior Estado;False
2796;24;4000,0;Arquitetura;Matutino;1;False;True;2024-08-15;Outro Estado;True
2797;21;2053,95;Ciência da Computação;Matutino;3;True;True;2024-04-28;Interior Estado;True
2798;25;2519,24;Direito;Matutino;1;True;True;2024-07-22;Outro Estado;True
2799;21;1462,34;Administração;Noturno;4;False;True;2024-11-21;Interior Estado;True
2800;18;1775,68;Administração;Noturno;1;False;True;2024-12-11;Mesma Cidade;False
2801;22;1333,7;Outros;Noturno;1;False;True;2024-09-28;Outro Estado;True
2802;19;875,32;Engenharia;Vespertino;2;True;True;2024-10-25;Interior Estado;False
2803;20;1061,99;Medicina;Integral;1;False;True;2024-05-13;Interior Estado;True
2804;23;908,8;Psicologia;Noturno;4;False;True;2024-11-02;Interior Estado;False
2805;21;800,0;Outros;Noturno;1;False;False;2024-06-11;Interior Estado;True
2806;21;800,0;Medicina;Integral;4;True;False;2024-08-03;Mesma Cidade;False
2807;27;800,0;Outros;Integral;3;True;True;2024-08-18;Interior Estado;True
2808;20;2292,83;Outros;Integral;2;False;True;2024-06-03;Interior Estado;True
2809;24;1060,27;Outros;Matutino;4;False;True;2024-09-30;Interior Estado;True
2810;21;950,75;Ciência da Computação;Vespertino;1;False;True;2024-09-12;Interior Estado;False
2811;19;1050,86;Administração;Matutino;4;False;True;2024-01-09;Interior Estado;True
2812;25;800,0;Ciência da Computação;Vespertino;4;True;True;2024-01-13;Interior Estado;True
2813;24;841,06;Medicina;Matutino;2;False;False;2024-06-04;Mesma Cidade;True
2814;27;2021,54;Medicina;Vespertino;2;False;True;2024-09-06;Mesma Cidade;False
2815;19;873,96;Ciência da Computação;Integral;2;False;False;2024-03-01;Mesma Cidade;False
2816;23;1514,04;Outros;Vespertino;3;False;True;2024-07-08;Interior Estado;True
2817;23;800,0;Outros;Integral;5;False;True;2024-01-24;Mesma Cidade;True
2818;22;1080,01;Ciência da Computação;Vespertino;2;False;True;2024-11-26;Outro Estado;False
2819;22;800,0;Direito;Noturno;5;True;False;2024-02-16;Mesma Cidade;True
2820;21;2379,65;Ciência da Computação;Vespertino;1;False;True;2024-11-09;Interior Estado;True
2821;27;800,0;Engenharia;Vespertino;1;False;True;2024-09-05;Mesma Cidade;True
2822;27;1490,13;Outros;Vespertino;4;True;True;2024-04-22;Outro Estado;True
2823;18;1165,3;Ciência da Computação;Matutino;2;False;True;2024-04-09;Interior Estado;True
2824;22;1493,93;Engenharia;Integral;1;False;False;2024-04-30;Outro Estado;False
2825;22;1920,88;Outros;Integral;5;False;True;2024-07-19;Outro Estado;True
2826;20;4000,0;Outros;Matutino;4;False;False;2024-05-20;Interior Estado;True
2827;25;2189,77;Engenharia;Noturno;1;False;True;2024-06-02;Mesma Cidade;True
2828;17;985,34;Outros;Vespertino;5;False;True;2024-01-18;Interior Estado;False
2829;27;929,59;Administração;Matutino;4;False;True;2024-12-09;Mesma Cidade;False
2830;27;800,0;Engenharia;Noturno;2;False;False;2024-08-30;Interior Estado;True
2831;25;1721,39;Outros;Vespertino;1;False;True;2024-09-02;Interior Estado;True
2832;18;1551,75;Arquitetura;Vespertino;1;False;False;2024-03-28;Interior Estado;True
2833;20;800,0;Engenharia;Integral;2;False;True;2024-06-09;Mesma Cidade;False
2834;19;2691,57;Outros;Noturno;2;False;True;2024-06-11;Outro Estado;False
2835;21;892,49;Psicologia;Noturno;1;False;True;2024-12-17;Mesma Cidade;True
2836;20;800,0;Engenharia;Matutino;5;False;True;2024-03-07;Interior Estado;True
2837;25;1649,2;Engenharia;Vespertino;3;True;True;2024-01-19;Interior Estado;True
2838;23;1750,15;Outros;Matutino;3;False;False;2024-05-21;Interior Estado;False
2839;17;800,0;Psicologia;Integral;2;False;True;2024-11-22;Mesma Cidade;True
2840;18;800,0;Medicina;Matutino;4;True;False;2024-05-22;Interior Estado;True
2841;20;828,98;Administração;Vespertino;4;False;True;2024-05-29;Mesma Cidade;True
2842;29;977,4;Administração;Vespertino;3;False;True;2024-05-09;Interior Estado;True
2843;23;1058,67;Engenharia;Integral;4;False;False;2024-03-31;Mesma Cidade;True
2844;20;2240,43;Outros;Noturno;3;True;False;2024-09-12;Interior Estado;True
2845;22;2776,39;Outros;Noturno;1;False;True;2024-12-17;Mesma Cidade;True
2846;22;1700,29;Ciência da Computação;Noturno;4;False;False;2024-08-07;Interior Estado;True
2847;19;1978,05;Engenharia;Noturno;2;True;True;2024-03-21;Interior Estado;False
2848;20;1084,13;Ciência da Computação;Integral;2;True;True;2024-06-12;Outro Estado;True
2849;18;932,95;Administração;Matutino;2;False;True;2024-04-09;Outro Estado;False
2850;19;4000,0;Medicina;Integral;5;True;True;2024-09-09;Interior Estado;True
2851;18;993,27;Engenharia;Matutino;3;True;False;2024-04-07;Outro Estado;True
2852;22;1179,56;Outros;Matutino;5;True;True;2024-03-18;Outro Estado;True
2853;20;800,0;Psicologia;Noturno;2;False;False;2024-03-21;Interior Estado;False
2854;28;1813,67;Administração;Matutino;1;False;True;2024-01-10;Mesma Cidade;True
2855;19;1251,18;Engenharia;Integral;5;True;True;2024-01-04;Interior Estado;True
2856;18;800,0;Ciência da Computação;Integral;3;False;True;2024-04-17;Outro Estado;True
2857;17;1106,91;Outros;Vespertino;5;False;False;2024-03-25;Interior Estado;False
2858;19;1078,3;Engenharia;Matutino;1;False;False;2024-12-28;Outro Estado;True
2859;20;4000,0;Direito;Integral;5;False;True;2024-03-13;Mesma Cidade;True
2860;17;3471,58;Psicologia;Noturno;3;True;True;2024-05-12;Mesma Cidade;False
2861;21;800,0;Direito;Matutino;5;True;True;2024-05-03;Interior Estado;False
2862;21;945,51;Administração;Noturno;1;False;True;2024-03-19;Outro Estado;True
2863;21;876,53;Outros;Noturno;3;True;False;2024-11-04;Mesma Cidade;False
2864;17;1054,6;Administração;Noturno;3;False;False;2024-02-29;Mesma Cidade;True
2865;25;1419,34;Engenharia;Vespertino;1;False;True;2024-04-15;Outro Estado;True
2866;17;859,79;Psicologia;Integral;3;False;True;2024-05-07;Mesma Cidade;True
2867;24;2368,5;Medicina;Noturno;1;True;False;2024-08-29;Interior Estado;True
2868;17;1490,49;Outros;Noturno;1;False;True;2024-05-10;Interior Estado;True
2869;18;800,0;Outros;Noturno;2;True;True;2024-08-17;Outro Estado;False
2870;18;800,0;Direito;Matutino;1;False;True;2024-09-24;Interior Estado;True
2871;23;1223,96;Outros;Vespertino;5;False;True;2024-03-21;Mesma Cidade;True
2872;27;2457,07;Administração;Vespertino;1;False;True;2024-11-04;Interior Estado;True
2873;17;3949,23;Direito;Vespertino;3;False;True;2024-03-28;Mesma Cidade;False
2874;21;1258,49;Administração;Noturno;1;False;True;2024-12-27;Mesma Cidade;True
2875;17;1357,39;Direito;Matutino;5;False;True;2024-05-16;Outro Estado;True
2876;29;942,69;Medicina;Matutino;5;False;True;2024-03-20;Interior Estado;True
2877;22;800,0;Outros;Noturno;4;False;True;2024-07-08;Mesma Cidade;False
2878;21;1217,62;Engenharia;Noturno;3;False;False;2024-12-25;Outro Estado;True
2879;20;841,79;Administração;Matutino;4;False;True;2024-08-01;Mesma Cidade;True
2880;17;1078,91;Administração;Integral;2;True;True;2024-09-03;Interior Estado;False
2881;25;895,33;Engenharia;Vespertino;3;False;True;2024-07-05;Interior Estado;True
2882;25;954,59;Engenharia;Integral;1;True;True;2024-10-18;Mesma Cidade;True
2883;18;800,0;Outros;Noturno;1;True;False;2024-10-30;Mesma Cidade;True
2884;24;2269,38;Outros;Noturno;2;False;True;2024-11-18;Interior Estado;True
2885;25;2333,74;Administração;Vespertino;1;False;False;2024-09-20;Mesma Cidade;True
2886;21;800,0;Medicina;Noturno;4;True;True;2024-12-18;Mesma Cidade;True
2887;20;1872,36;Direito;Noturno;5;True;False;2024-02-19;Mesma Cidade;True
2888;23;884,18;Ciência da Computação;Noturno;3;True;True;2024-08-18;Mesma Cidade;True
2889;25;1036,41;Outros;Vespertino;4;False;True;2024-09-05;Interior Estado;True
2890;26;800,0;Ciência da Computação;Vespertino;2;True;True;2024-05-20;Mesma Cidade;True
2891;29;1553,49;Direito;Integral;3;False;True;2024-04-15;Mesma Cidade;True
2892;21;3095,19;Outros;Matutino;3;False;True;2024-06-26;Interior Estado;True
2893;21;874,97;Outros;Matutino;5;True;True;2024-01-13;Outro Estado;False
2894;23;1337,3;Engenharia;Matutino;3;False;True;2024-10-05;Interior Estado;True
2895;22;2735,34;Medicina;Matutino;1;False;True;2024-03-23;Mesma Cidade;True
2896;27;1416,06;Engenharia;Matutino;1;False;True;2024-02-25;Outro Estado;True
2897;20;800,0;Administração;Integral;1;True;False;2024-04-29;Outro Estado;True
2898;23;1605,77;Outros;Matutino;1;True;False;2024-12-25;Outro Estado;False
2899;26;1049,95;Medicina;Integral;2;False;True;2024-02-02;Outro Estado;True
2900;18;1383,33;Administração;Integral;5;False;True;2024-06-20;Interior Estado;True
2901;22;1064,77;Ciência da Computação;Noturno;2;True;False;2024-06-13;Interior Estado;True
2902;18;1358,95;Medicina;Vespertino;2;False;True;2024-10-04;Interior Estado;True
2903;18;1042,52;Outros;Noturno;1;True;True;2024-01-27;Outro Estado;False
2904;19;800,0;Engenharia;Vespertino;3;True;False;2024-11-05;Interior Estado;True
2905;24;1569,52;Engenharia;Vespertino;4;True;True;2024-07-30;Mesma Cidade;True
2906;19;2947,95;Direito;Vespertino;1;False;True;2024-09-15;Mesma Cidade;True
2907;19;800,0;Ciência da Computação;Noturno;5;True;True;2024-11-11;Interior Estado;False
2908;20;800,0;Engenharia;Noturno;2;False;False;2024-04-30;Mesma Cidade;True
2909;25;1144,98;Outros;Integral;3;False;False;2024-09-29;Mesma Cidade;True
2910;26;3383,13;Outros;Integral;3;False;False;2024-04-02;Mesma Cidade;True
2911;20;984,14;Medicina;Noturno;5;False;True;2024-01-13;Interior Estado;False
2912;22;1232,17;Engenharia;Integral;2;False;True;2024-04-18;Interior Estado;True
2913;24;1114,45;Administração;Matutino;2;True;False;2024-05-01;Mesma Cidade;False
2914;24;1863,61;Ciência da Computação;Matutino;1;True;True;2024-01-14;Outro Estado;True
2915;17;1194,08;Psicologia;Vespertino;4;False;True;2024-04-12;Mesma Cidade;True
2916;27;1219,91;Outros;Noturno;1;False;True;2024-07-14;Outro Estado;True
2917;29;949,47;Outros;Noturno;3;True;True;2024-07-01;Outro Estado;True
2918;25;938,77;Engenharia;Integral;3;True;True;2024-08-06;Mesma Cidade;True
2919;24;2728,57;Administração;Noturno;4;False;False;2024-12-13;Outro Estado;False
2920;23;820,6;Ciência da Computação;Matutino;2;True;True;2024-06-04;Interior Estado;True
2921;22;1109,11;Medicina;Matutino;4;False;True;2024-06-27;Interior Estado;True
2922;21;1078,66;Administração;Matutino;2;False;False;2024-11-07;Mesma Cidade;True
2923;21;2045,11;Psicologia;Matutino;3;False;True;2024-03-16;Interior Estado;False
2924;18;2068,76;Arquitetura;Integral;2;False;True;2024-04-05;Outro Estado;False
2925;24;1113,09;Ciência da Computação;Vespertino;4;True;True;2024-10-05;Interior Estado;True
2926;23;3458,11;Engenharia;Noturno;1;True;True;2024-07-08;Mesma Cidade;False
2927;24;1949,67;Engenharia;Matutino;1;False;True;2024-03-11;Interior Estado;False
2928;20;1105,6;Engenharia;Integral;1;True;True;2024-04-04;Interior Estado;True
2929;22;1133,03;Arquitetura;Noturno;3;True;True;2024-01-18;Interior Estado;True
2930;25;1806,41;Administração;Vespertino;3;False;True;2024-02-19;Mesma Cidade;True
2931;21;4000,0;Direito;Noturno;3;False;True;2024-10-25;Interior Estado;False
2932;22;4000,0;Outros;Matutino;1;False;True;2024-10-25;Interior Estado;True
2933;24;930,85;Direito;Integral;4;True;True;2024-07-17;Mesma Cidade;True
2934;27;1353,33;Engenharia;Integral;4;False;True;2024-03-05;Outro Estado;True
2935;19;2260,04;Administração;Vespertino;1;False;True;2024-07-23;Interior Estado;True
2936;22;1068,92;Arquitetura;Integral;3;True;True;2024-12-30;Mesma Cidade;True
2937;23;2966,69;Psicologia;Noturno;1;False;False;2024-10-24;Interior Estado;True
2938;21;1718,88;Direito;Matutino;3;False;True;2024-08-09;Mesma Cidade;True
2939;20;2266,3;Outros;Vespertino;4;True;True;2024-03-29;Mesma Cidade;True
2940;19;1089,25;Engenharia;Integral;4;True;False;2024-02-17;Interior Estado;True
2941;21;800,0;Direito;Vespertino;1;False;False;2024-11-27;Outro Estado;True
2942;22;1084,82;Ciência da Computação;Matutino;2;False;True;2024-12-31;Interior Estado;True
2943;25;1088,47;Outros;Noturno;2;False;False;2024-02-23;Outro Estado;False
2944;20;1323,13;Arquitetura;Vespertino;3;False;True;2024-07-04;Outro Estado;True
2945;21;3295,2;Ciência da Computação;Noturno;3;True;False;2024-10-24;Outro Estado;True
2946;22;4000,0;Medicina;Integral;2;True;True;2024-12-05;Interior Estado;True
2947;21;1460,5;Direito;Noturno;4;True;False;2024-02-03;Outro Estado;False
2948;21;3778,68;Psicologia;Noturno;4;False;False;2024-04-07;Interior Estado;True
2949;21;1503,49;Direito;Matutino;5;True;True;2024-12-04;Interior Estado;True
2950;25;1148,25;Direito;Vespertino;2;False;True;2024-09-21;Interior Estado;True
2951;29;2560,41;Arquitetura;Noturno;1;False;False;2024-05-26;Mesma Cidade;True
2952;19;1498,59;Psicologia;Vespertino;4;True;True;2024-08-17;Interior Estado;True
2953;21;980,09;Engenharia;Noturno;3;True;True;2024-01-30;Outro Estado;True
2954;21;1934,11;Engenharia;Noturno;5;True;True;2024-08-14;Interior Estado;False
2955;21;800,0;Ciência da Computação;Matutino;2;False;True;2024-05-17;Interior Estado;False
2956;21;800,0;Ciência da Computação;Integral;5;False;True;2024-01-03;Interior Estado;True
2957;17;1448,97;Administração;Integral;5;True;False;2024-10-21;Interior Estado;True
2958;24;2702,13;Ciência da Computação;Noturno;2;True;True;2024-07-24;Interior Estado;True
2959;25;1175,81;Outros;Matutino;4;False;True;2024-08-28;Mesma Cidade;True
2960;18;4000,0;Outros;Integral;5;True;True;2024-08-06;Outro Estado;True
2961;19;2697,1;Administração;Matutino;3;False;True;2024-09-24;Mesma Cidade;True
2962;23;2282,07;Arquitetura;Noturno;1;False;False;2024-10-27;Outro Estado;True
2963;21;1938,18;Administração;Matutino;1;False;False;2024-05-15;Mesma Cidade;True
2964;23;1857,04;Engenharia;Noturno;1;False;True;2024-09-16;Outro Estado;False
2965;21;1280,86;Engenharia;Matutino;5;True;False;2024-11-12;Outro Estado;False
2966;25;4000,0;Arquitetura;Integral;3;False;False;2024-05-29;Interior Estado;False
2967;22;2678,38;Administração;Noturno;3;False;True;2024-05-18;Mesma Cidade;True
2968;29;800,0;Outros;Vespertino;4;False;True;2024-07-09;Interior Estado;True
2969;22;881,73;Outros;Matutino;1;False;False;2024-04-22;Interior Estado;True
2970;19;1646,95;Ciência da Computação;Vespertino;2;False;True;2024-03-30;Outro Estado;False
2971;22;4000,0;Outros;Noturno;4;False;False;2024-09-03;Outro Estado;True
2972;23;3249,22;Engenharia;Noturno;4;False;False;2024-12-12;Interior Estado;True
2973;22;800,0;Ciência da Computação;Noturno;4;True;True;2024-03-04;Mesma Cidade;False
2974;20;1373,66;Ciência da Computação;Noturno;1;True;False;2024-03-23;Interior Estado;True
2975;23;2816,44;Ciência da Computação;Vespertino;3;False;True;2024-12-12;Mesma Cidade;False
2976;20;1992,05;Ciência da Computação;Noturno;1;True;False;2024-10-16;Outro Estado;True
2977;29;4000,0;Outros;Noturno;4;False;True;2024-10-30;Mesma Cidade;True
2978;17;1020,32;Direito;Vespertino;3;False;True;2024-03-18;Mesma Cidade;True
2979;29;1128,63;Direito;Noturno;2;True;False;2024-08-08;Outro Estado;True
2980;19;1577,97;Outros;Noturno;4;False;True;2024-10-25;Mesma Cidade;True
2981;29;868,95;Direito;Vespertino;3;True;False;2024-07-16;Interior Estado;False
2982;23;800,0;Ciência da Computação;Noturno;2;False;True;2024-12-31;Interior Estado;True
2983;18;1019,17;Engenharia;Noturno;3;True;False;2024-10-21;Mesma Cidade;True
2984;17;1999,04;Direito;Integral;2;False;False;2024-02-19;Mesma Cidade;True
2985;19;1879,66;Outros;Integral;2;False;True;2024-04-01;Mesma Cidade;True
2986;18;2125,59;Engenharia;Integral;1;False;True;2024-03-02;Outro Estado;True
2987;22;2448,31;Ciência da Computação;Noturno;3;False;True;2024-01-08;Mesma Cidade;True
2988;23;1261,73;Direito;Matutino;2;False;False;2024-05-06;Mesma Cidade;True
2989;19;1900,74;Medicina;Noturno;4;False;True;2024-12-14;Interior Estado;True
2990;21;896,05;Outros;Noturno;3;False;True;2024-01-03;Interior Estado;True
2991;22;1511,66;Direito;Matutino;4;False;True;2024-01-21;Interior Estado;True
2992;22;1293,14;Direito;Noturno;4;False;False;2024-09-23;Outro Estado;True
2993;26;1775,97;Engenharia;Integral;2;True;False;2024-07-25;Outro Estado;True
2994;24;1436,58;Engenharia;Vespertino;1;True;False;2024-06-16;Outro Estado;False
2995;18;4000,0;Direito;Matutino;5;False;False;2024-08-13;Outro Estado;True
2996;17;1499,01;Engenharia;Noturno;1;True;True;2024-11-01;Outro Estado;False
2997;23;1157,63;Engenharia;Vespertino;3;False;False;2024-12-15;Outro Estado;True
2998;19;884,91;Direito;Noturno;2;True;True;2024-03-01;Outro Estado;True
2999;23;1035,05;Ciência da Computação;Matutino;3;False;True;2024-01-30;Interior Estado;False
3000;24;1829,34;Administração;Noturno;5;False;True;2024-02-03;Mesma Cidade;True
3001;25;1139,6;Ciência da Computação;Noturno;5;False;False;2024-09-09;Outro Estado;False
3002;27;800,0;Direito;Matutino;5;False;True;2024-11-12;Mesma Cidade;False
3003;22;1317,24;Ciência da Computação;Noturno;1;False;True;2024-02-20;Mesma Cidade;False
3004;25;800,0;Administração;Noturno;3;False;True;2024-11-26;Outro Estado;True
3005;29;1074,59;Administração;Integral;5;False;True;2024-05-02;Outro Estado;True
3006;24;2413,79;Ciência da Computação;Matutino;1;False;True;2024-12-26;Mesma Cidade;True
3007;20;833,02;Direito;Noturno;3;False;False;2024-11-19;Interior Estado;True
3008;21;1166,75;Engenharia;Noturno;4;False;False;2024-06-14;Mesma Cidade;True
3009;17;1787,61;Medicina;Vespertino;1;False;True;2024-01-19;Interior Estado;True
3010;19;800,0;Outros;Integral;5;False;True;2024-10-24;Interior Estado;True
3011;18;1572,54;Administração;Vespertino;3;False;True;2024-11-14;Outro Estado;False
3012;24;800,0;Direito;Vespertino;1;False;False;2024-12-10;Mesma Cidade;True
3013;21;1530,89;Engenharia;Vespertino;3;False;False;2024-03-28;Outro Estado;True
3014;18;2647,81;Psicologia;Matutino;3;False;False;2024-08-13;Outro Estado;False
3015;29;3880,13;Psicologia;Integral;2;False;False;2024-03-17;Mesma Cidade;True
3016;21;904,26;Psicologia;Matutino;4;True;False;2024-05-28;Interior Estado;True
3017;20;1395,41;Outros;Vespertino;5;False;True;2024-07-27;Interior Estado;False
3018;24;1475,12;Psicologia;Integral;3;False;True;2024-02-16;Interior Estado;False
3019;17;800,0;Engenharia;Noturno;2;False;True;2024-03-22;Outro Estado;True
3020;18;908,66;Medicina;Integral;1;False;False;2024-12-05;Mesma Cidade;True
3021;27;1181,55;Outros;Noturno;3;False;False;2024-01-17;Mesma Cidade;True
3022;21;800,0;Administração;Vespertino;4;True;True;2024-09-13;Mesma Cidade;True
3023;20;800,0;Ciência da Computação;Noturno;2;True;False;2024-04-28;Outro Estado;False
3024;23;800,0;Outros;Matutino;1;False;False;2024-06-18;Mesma Cidade;False
3025;18;800,0;Ciência da Computação;Noturno;3;False;True;2024-03-09;Interior Estado;True
3026;18;2610,58;Administração;Noturno;2;True;True;2024-09-23;Mesma Cidade;True
3027;24;1170,68;Direito;Matutino;1;False;True;2024-01-01;Interior Estado;True
3028;26;800,0;Direito;Matutino;3;False;False;2024-07-16;Outro Estado;True
3029;25;1234,33;Engenharia;Noturno;2;True;False;2024-11-01;Outro Estado;True
3030;27;1581,33;Medicina;Matutino;2;False;True;2024-07-31;Interior Estado;True
3031;25;979,5;Medicina;Noturno;3;False;False;2024-05-24;Interior Estado;True
3032;22;2186,09;Ciência da Computação;Noturno;1;True;True;2024-12-19;Mesma Cidade;True
3033;20;1151,31;Psicologia;Integral;1;True;False;2024-10-03;Mesma Cidade;True
3034;23;3117,56;Arquitetura;Matutino;3;True;False;2024-09-15;Outro Estado;False
3035;18;1477,88;Direito;Noturno;3;False;False;2024-12-04;Mesma Cidade;False
3036;21;1681,35;Outros;Matutino;5;False;True;2024-10-16;Interior Estado;True
3037;17;2132,49;Outros;Noturno;2;True;False;2024-03-14;Interior Estado;False
3038;17;1056,58;Ciência da Computação;Vespertino;1;True;True;2024-12-16;Mesma Cidade;True
3039;20;800,0;Engenharia;Noturno;1;True;True;2024-09-15;Outro Estado;True
3040;18;2078,71;Psicologia;Matutino;4;False;True;2024-02-20;Interior Estado;True
3041;20;800,0;Administração;Integral;5;False;True;2024-03-10;Mesma Cidade;True
3042;21;1407,39;Psicologia;Matutino;1;False;True;2024-01-03;Mesma Cidade;False
3043;19;923,39;Psicologia;Matutino;5;True;True;2024-05-06;Outro Estado;True
3044;22;882,56;Administração;Noturno;4;False;False;2024-11-07;Interior Estado;True
3045;19;800,0;Direito;Matutino;2;False;True;2024-08-29;Interior Estado;True
3046;22;2148,62;Medicina;Matutino;4;True;True;2024-02-04;Outro Estado;False
3047;21;800,0;Ciência da Computação;Vespertino;2;True;False;2024-07-01;Mesma Cidade;True
3048;23;3074,92;Ciência da Computação;Integral;2;False;True;2024-11-09;Interior Estado;True
3049;20;1602,53;Medicina;Integral;5;True;False;2024-03-27;Interior Estado;True
3050;22;800,0;Engenharia;Matutino;2;False;False;2024-06-11;Mesma Cidade;True
3051;20;4000,0;Administração;Vespertino;5;False;True;2024-02-26;Outro Estado;True
3052;23;2330,07;Medicina;Noturno;4;False;False;2024-07-10;Mesma Cidade;True
3053;25;800,0;Engenharia;Vespertino;2;True;False;2024-09-17;Interior Estado;True
3054;20;1238,47;Ciência da Computação;Matutino;1;True;False;2024-02-10;Interior Estado;True
3055;17;2586,42;Engenharia;Integral;4;False;False;2024-01-22;Interior Estado;False
3056;23;1478,03;Outros;Matutino;5;False;False;2024-12-20;Outro Estado;True
3057;24;1565,86;Medicina;Integral;4;False;False;2024-08-02;Interior Estado;False
3058;22;800,0;Administração;Vespertino;4;True;True;2024-01-31;Outro Estado;True
3059;23;1199,61;Outros;Matutino;5;True;True;2024-02-06;Outro Estado;True
3060;22;1155,95;Ciência da Computação;Matutino;1;False;False;2024-08-06;Interior Estado;True
3061;20;1260,08;Medicina;Noturno;1;True;True;2024-11-22;Interior Estado;True
3062;21;1560,01;Psicologia;Matutino;3;True;False;2024-12-05;Mesma Cidade;True
3063;20;1496,0;Direito;Vespertino;3;False;False;2024-01-18;Mesma Cidade;True
3064;18;1866,56;Psicologia;Vespertino;4;True;True;2024-07-04;Interior Estado;False
3065;22;1098,07;Administração;Vespertino;3;True;False;2024-11-08;Interior Estado;True
3066;27;827,94;Direito;Integral;5;True;True;2024-01-28;Outro Estado;True
3067;17;938,09;Medicina;Noturno;4;False;True;2024-03-12;Outro Estado;True
3068;24;2871,21;Administração;Noturno;5;False;True;2024-05-29;Mesma Cidade;True
3069;24;3102,47;Engenharia;Noturno;4;True;True;2024-07-03;Mesma Cidade;False
3070;22;3276,96;Psicologia;Noturno;1;False;False;2024-01-07;Interior Estado;True
3071;20;1618,63;Ciência da Computação;Noturno;4;False;False;2024-03-27;Mesma Cidade;True
3072;18;1198,89;Medicina;Matutino;2;False;True;2024-01-17;Interior Estado;True
3073;21;1078,59;Medicina;Vespertino;3;True;False;2024-04-27;Mesma Cidade;True
3074;27;1474,99;Outros;Integral;1;True;False;2024-10-14;Interior Estado;False
3075;20;800,0;Administração;Integral;4;False;False;2024-02-16;Mesma Cidade;False
3076;23;1438,88;Engenharia;Integral;3;False;True;2024-11-21;Interior Estado;False
3077;25;1896,07;Administração;Noturno;5;False;False;2024-09-26;Interior Estado;True
3078;21;3046,36;Ciência da Computação;Noturno;2;False;True;2024-03-23;Mesma Cidade;True
3079;20;1216,15;Engenharia;Noturno;1;False;True;2024-09-17;Mesma Cidade;True
3080;22;800,0;Outros;Matutino;2;True;True;2024-04-26;Mesma Cidade;True
3081;21;3215,24;Administração;Noturno;1;True;True;2024-01-05;Interior Estado;False
3082;19;4000,0;Engenharia;Integral;2;False;False;2024-01-19;Interior Estado;True
3083;23;2032,94;Ciência da Computação;Matutino;5;False;False;2024-02-08;Interior Estado;True
3084;23;1231,62;Medicina;Noturno;2;False;False;2024-09-30;Interior Estado;True
3085;23;1244,9;Outros;Noturno;4;False;True;2024-09-16;Interior Estado;True
3086;22;956,98;Outros;Noturno;1;True;True;2024-12-31;Mesma Cidade;False
3087;20;895,89;Outros;Matutino;4;False;True;2024-07-01;Outro Estado;True
3088;25;810,41;Direito;Matutino;2;False;False;2024-08-18;Mesma Cidade;True
3089;27;1787,18;Ciência da Computação;Noturno;2;False;False;2024-05-06;Interior Estado;False
3090;20;1579,51;Administração;Noturno;4;True;True;2024-04-04;Interior Estado;True
3091;22;2573,95;Engenharia;Matutino;1;False;False;2024-12-14;Outro Estado;False
3092;28;2854,39;Outros;Matutino;2;True;True;2024-07-21;Outro Estado;True
3093;24;3430,46;Direito;Vespertino;4;False;True;2024-12-20;Interior Estado;True
3094;22;1360,38;Direito;Matutino;3;False;True;2024-06-28;Interior Estado;True
3095;24;800,0;Administração;Integral;1;False;True;2024-10-27;Outro Estado;False
3096;22;800,0;Engenharia;Matutino;1;False;True;2024-12-01;Interior Estado;True
3097;20;1830,48;Medicina;Noturno;1;False;True;2024-07-10;Interior Estado;False
3098;20;800,0;Administração;Noturno;3;False;True;2024-07-20;Interior Estado;True
3099;21;996,79;Engenharia;Noturno;4;False;True;2024-10-24;Outro Estado;True
3100;20;814,09;Direito;Matutino;3;False;False;2024-04-24;Interior Estado;True
3101;24;800,0;Administração;Integral;3;False;True;2024-07-01;Interior Estado;True
3102;23;4000,0;Outros;Noturno;1;True;False;2024-10-23;Mesma Cidade;True
3103;22;1179,24;Administração;Vespertino;5;True;True;2024-07-26;Outro Estado;True
3104;20;1639,07;Ciência da Computação;Noturno;3;False;True;2024-05-02;Interior Estado;True
3105;21;3056,09;Outros;Integral;3;False;True;2024-09-14;Interior Estado;False
3106;28;1439,49;Direito;Noturno;4;True;False;2024-06-07;Mesma Cidade;False
3107;20;2351,89;Psicologia;Noturno;1;True;True;2024-07-30;Mesma Cidade;True
3108;23;1346,91;Engenharia;Vespertino;3;True;True;2024-02-28;Mesma Cidade;True
3109;22;2044,27;Administração;Noturno;4;True;False;2024-05-14;Outro Estado;False
3110;25;1511,26;Administração;Noturno;2;False;True;2024-10-30;Interior Estado;True
3111;21;941,31;Direito;Vespertino;1;True;True;2024-12-05;Interior Estado;False
3112;17;1047,5;Administração;Matutino;2;False;True;2024-10-22;Interior Estado;True
3113;21;1015,8;Arquitetura;Matutino;4;False;True;2024-05-11;Mesma Cidade;True
3114;20;1704,11;Administração;Matutino;2;False;True;2024-08-07;Interior Estado;True
3115;18;949,24;Outros;Noturno;2;False;True;2024-05-11;Interior Estado;False
3116;18;1327,62;Arquitetura;Noturno;4;False;False;2024-11-30;Outro Estado;True
3117;20;945,15;Direito;Integral;5;False;True;2024-01-13;Outro Estado;True
3118;21;1425,12;Outros;Noturno;1;False;True;2024-11-12;Interior Estado;True
3119;19;800,0;Ciência da Computação;Vespertino;5;True;True;2024-09-14;Outro Estado;True
3120;21;1909,55;Outros;Noturno;5;False;False;2024-08-08;Outro Estado;False
3121;25;4000,0;Outros;Matutino;5;True;False;2024-01-03;Interior Estado;False
3122;26;1708,99;Administração;Matutino;5;False;True;2024-06-23;Outro Estado;True
3123;23;1145,84;Engenharia;Matutino;2;True;False;2024-09-04;Mesma Cidade;True
3124;20;1675,79;Medicina;Noturno;5;False;True;2024-07-15;Interior Estado;True
3125;27;800,0;Administração;Integral;5;False;True;2024-06-25;Outro Estado;True
3126;19;1328,78;Engenharia;Matutino;2;True;False;2024-04-24;Mesma Cidade;False
3127;25;1065,07;Direito;Integral;2;True;True;2024-10-27;Interior Estado;False
3128;20;1198,28;Psicologia;Noturno;2;True;False;2024-07-02;Outro Estado;False
3129;23;1545,5;Engenharia;Matutino;1;False;True;2024-12-25;Interior Estado;True
3130;22;1596,54;Arquitetura;Vespertino;1;False;True;2024-05-22;Interior Estado;False
3131;22;1305,59;Engenharia;Vespertino;2;False;False;2024-06-18;Interior Estado;False
3132;22;1885,04;Outros;Noturno;1;False;True;2024-12-04;Outro Estado;True
3133;18;1406,74;Direito;Integral;4;False;True;2024-08-09;Mesma Cidade;True
3134;24;2401,9;Arquitetura;Integral;2;False;False;2024-10-12;Outro Estado;True
3135;22;2616,53;Outros;Vespertino;1;False;True;2024-06-08;Interior Estado;True
3136;23;3501,5;Engenharia;Noturno;4;False;True;2024-05-28;Interior Estado;False
3137;20;800,0;Medicina;Matutino;1;True;True;2024-04-10;Mesma Cidade;True
3138;21;827,96;Arquitetura;Noturno;3;True;True;2024-01-02;Mesma Cidade;False
3139;20;800,0;Engenharia;Noturno;3;False;False;2024-03-04;Interior Estado;True
3140;20;1940,84;Outros;Matutino;5;False;True;2024-10-17;Interior Estado;False
3141;19;1165,9;Engenharia;Vespertino;3;False;True;2024-09-25;Mesma Cidade;False
3142;20;3464,95;Direito;Noturno;4;True;False;2024-03-25;Mesma Cidade;False
3143;17;1381,8;Engenharia;Matutino;4;False;True;2024-05-28;Interior Estado;True
3144;23;1746,15;Outros;Matutino;1;False;False;2024-09-04;Outro Estado;True
3145;22;2065,82;Engenharia;Noturno;3;False;True;2024-09-08;Interior Estado;False
3146;17;1864,45;Outros;Noturno;1;False;True;2024-01-08;Mesma Cidade;True
3147;21;1359,55;Outros;Noturno;1;False;True;2024-10-02;Outro Estado;False
3148;23;1074,38;Outros;Matutino;1;True;True;2024-02-11;Interior Estado;False
3149;20;800,0;Ciência da Computação;Integral;2;True;False;2024-06-26;Outro Estado;True
3150;17;978,97;Administração;Integral;4;False;True;2024-10-21;Outro Estado;True
3151;19;1438,16;Psicologia;Vespertino;1;False;True;2024-11-18;Interior Estado;True
3152;27;1500,73;Engenharia;Matutino;4;False;True;2024-07-27;Outro Estado;False
3153;17;2505,18;Outros;Integral;1;False;True;2024-10-08;Outro Estado;False
3154;21;800,0;Ciência da Computação;Noturno;2;True;False;2024-09-02;Mesma Cidade;True
3155;27;1139,34;Medicina;Noturno;4;False;False;2024-01-09;Interior Estado;True
3156;25;1764,11;Outros;Matutino;4;True;True;2024-02-09;Outro Estado;True
3157;18;1472,63;Direito;Matutino;4;False;False;2024-01-30;Interior Estado;True
3158;22;2121,98;Ciência da Computação;Vespertino;5;False;True;2024-12-07;Interior Estado;True
3159;21;1769,73;Outros;Noturno;4;False;True;2024-07-18;Outro Estado;True
3160;21;2188,24;Administração;Matutino;2;True;True;2024-01-27;Interior Estado;True
3161;25;1820,89;Psicologia;Noturno;1;True;False;2024-09-28;Mesma Cidade;False
3162;26;1392,23;Engenharia;Vespertino;2;False;True;2024-12-15;Interior Estado;False
3163;26;800,0;Direito;Integral;5;False;True;2024-12-24;Interior Estado;True
3164;29;4000,0;Ciência da Computação;Vespertino;1;False;False;2024-12-20;Interior Estado;False
3165;18;1443,79;Engenharia;Integral;2;False;True;2024-09-07;Interior Estado;True
3166;23;1729,85;Administração;Vespertino;5;False;False;2024-11-01;Outro Estado;True
3167;27;1150,11;Engenharia;Noturno;2;False;True;2024-08-21;Interior Estado;True
3168;24;1745,9;Ciência da Computação;Noturno;3;False;True;2024-03-14;Mesma Cidade;False
3169;20;2591,55;Outros;Matutino;3;False;True;2024-08-01;Interior Estado;True
3170;23;1264,09;Arquitetura;Noturno;1;True;True;2024-09-24;Interior Estado;True
3171;24;1162,0;Ciência da Computação;Integral;4;True;True;2024-02-22;Interior Estado;False
3172;28;962,79;Ciência da Computação;Matutino;3;False;True;2024-01-19;Interior Estado;True
3173;19;800,0;Administração;Noturno;5;False;True;2024-01-16;Interior Estado;True
3174;23;2305,62;Psicologia;Integral;3;False;True;2024-05-24;Interior Estado;False
3175;22;1128,62;Engenharia;Matutino;4;False;False;2024-05-06;Mesma Cidade;False
3176;18;1810,92;Outros;Noturno;3;False;False;2024-10-12;Outro Estado;False
3177;27;1144,7;Direito;Matutino;1;False;True;2024-06-13;Outro Estado;False
3178;20;1872,0;Outros;Integral;2;False;False;2024-10-02;Mesma Cidade;True
3179;23;855,23;Outros;Noturno;4;False;False;2024-07-21;Interior Estado;False
3180;19;2147,98;Psicologia;Matutino;3;False;True;2024-01-28;Interior Estado;True
3181;25;3700,36;Arquitetura;Matutino;4;True;False;2024-07-10;Interior Estado;False
3182;27;1172,5;Medicina;Noturno;1;True;True;2024-02-25;Mesma Cidade;True
3183;22;1419,78;Arquitetura;Integral;5;True;True;2024-08-27;Interior Estado;False
3184;25;2373,54;Engenharia;Integral;2;False;True;2024-03-19;Outro Estado;True
3185;21;800,0;Outros;Integral;1;False;True;2024-03-19;Outro Estado;True
3186;20;1133,05;Administração;Matutino;2;False;True;2024-11-25;Mesma Cidade;True
3187;20;3006,75;Psicologia;Integral;2;False;True;2024-12-15;Interior Estado;True
3188;18;1634,56;Direito;Noturno;2;False;True;2024-03-30;Interior Estado;True
3189;23;2388,96;Outros;Matutino;5;False;False;2024-01-23;Mesma Cidade;True
3190;23;1295,86;Psicologia;Matutino;2;False;False;2024-11-16;Mesma Cidade;True
3191;17;800,0;Engenharia;Integral;5;True;False;2024-07-03;Interior Estado;True
3192;22;1369,82;Psicologia;Matutino;1;False;False;2024-10-30;Outro Estado;True
3193;24;800,0;Outros;Vespertino;1;True;False;2024-02-18;Outro Estado;True
3194;24;1446,85;Medicina;Noturno;4;True;True;2024-06-09;Mesma Cidade;False
3195;20;800,0;Arquitetura;Noturno;5;False;True;2024-01-23;Outro Estado;True
3196;20;1488,75;Arquitetura;Noturno;1;True;True;2024-03-05;Mesma Cidade;True
3197;29;2499,16;Outros;Matutino;4;False;True;2024-09-08;Mesma Cidade;True
3198;19;2890,47;Psicologia;Noturno;3;False;True;2024-05-27;Mesma Cidade;False
3199;22;3050,14;Outros;Integral;2;False;True;2024-10-04;Interior Estado;True
3200;26;2103,85;Ciência da Computação;Matutino;5;False;True;2024-05-31;Mesma Cidade;True
